PMID,Title,Abstract,Journal,PubDate,PublicationYear,PublicationMonth,PublicationDay,Authors,AuthorKeywords,DOI,DOI_Link,PMC_Link,Volume,Issue,Language,Country,PublicationTypes,MeSH_Terms,AccessStatus,OA_Type,License,FreePDF_Link
34043953,"A Lancet Commission on 70 years of women's reproductive, maternal, newborn, child, and adolescent health in China.",,"Lancet (London, England)",2021 Jun 26,2021,June,26,Jie Qiao; Yuanyuan Wang; Xiaohong Li; Fan Jiang; Yunting Zhang; Jun Ma; Yi Song; Jing Ma; Wei Fu; Ruyan Pang; Zhaofang Zhu; Jun Zhang; Xu Qian; Linhong Wang; Jiuling Wu; Hsun-Ming Chang; Peter C K Leung; Meng Mao; Duan Ma; Yan Guo; Jie Qiu; Li Liu; Haidong Wang; Robert J Norman; Joy Lawn; Robert E Black; Carine Ronsmans; George Patton; Jun Zhu; Li Song; Therese Hesketh,,10.1016/S0140-6736(20)32708-2,https://doi.org/10.1016/S0140-6736(20)32708-2,,397,10293,eng,England,Journal Article; Review,Adolescent; Adolescent Health; Adult; Child; Child Health; China/epidemiology; Female; Health Services Accessibility; Humans; Maternal Health; Quality of Health Care; Reproductive Health; Women's Health,Open Access,hybrid,other-oa,https://doi.org/10.1016/s0140-6736(20)32708-2
37486660,Screening and Diagnosis of Mental Health Conditions During Pregnancy and Postpartum: ACOG Clinical Practice Guideline No. 4.,"PURPOSE: To review evidence on the current understanding of mental health conditions in pregnancy and postpartum, with a focus on mood and anxiety disorders, and to outline guidelines for screening and diagnosis that are consistent with best available scientific evidence. The conditions or symptoms reviewed include depression, anxiety and anxiety-related disorders, bipolar disorder, suicidality, and postpartum psychosis. For information on psychopharmacologic treatment and management, refer to American College of Obstetricians and Gynecologists (ACOG) Clinical Practice Guideline Number 5, ""Treatment and Management of Mental Health Conditions During Pregnancy and Postpartum"" (1). TARGET POPULATION: Pregnant or postpartum individuals with mental health conditions. Onset of these conditions may have predated the perinatal period or may have occurred for the first time in pregnancy or the first year postpartum or may have been exacerbated in that time. METHODS: This guideline was developed using an a priori protocol in conjunction with a writing team consisting of one specialist in obstetrics and gynecology and one maternal-fetal medicine subspecialist appointed by the ACOG Committee on Clinical Practice Guidelines-Obstetrics and two external subject matter experts. ACOG medical librarians completed a comprehensive literature search for primary literature within Cochrane Library, Cochrane Collaboration Registry of Controlled Trials, EMBASE, PubMed, and MEDLINE. Studies that moved forward to the full-text screening stage were assessed by two authors from the writing team based on standardized inclusion and exclusion criteria. Included studies underwent quality assessment, and a modified GRADE (Grading of Recommendations Assessment, Development and Evaluation) evidence-to-decision framework was applied to interpret and translate the evidence into recommendation statements. RECOMMENDATIONS: This Clinical Practice Guideline includes recommendations on the screening and diagnosis of perinatal mental health conditions including depression, anxiety, bipolar disorder, acute postpartum psychosis, and the symptom of suicidality. Recommendations are classified by strength and evidence quality. Ungraded Good Practice Points are included to provide guidance when a formal recommendation could not be made because of inadequate or nonexistent evidence.",Obstetrics and gynecology,2023 Jun 01,2023,June,01,,,10.1097/AOG.0000000000005200,https://doi.org/10.1097/AOG.0000000000005200,,141,6,eng,United States,Journal Article; Practice Guideline,Female; Humans; Pregnancy; Anxiety/diagnosis; Gynecology; Mental Health; Obstetrics; Postpartum Period,Closed Access,closed,,
31977782,Telehealth Interventions to Improve Obstetric and Gynecologic Health Outcomes: A Systematic Review.,"OBJECTIVE: To systematically review the effectiveness of telehealth interventions for improving obstetric and gynecologic health outcomes. DATA SOURCES: We conducted a comprehensive search for primary literature in ClinicalTrials.gov, Cochrane Library, Cochrane Collaboration Registry of Controlled Trials, EMBASE, PubMed, and MEDLINE. METHODS OF STUDY SELECTION: Qualifying primary studies had a comparison group, were conducted in countries ranked very high on the United Nations Human Development Index, published in English, and evaluated obstetric and gynecologic health outcomes. Cochrane Collaboration's tool and ROBINS-I tool were used for assessing risk of bias. Summary of evidence tables were created using the United States Preventive Services Task Force Summary of Evidence Table for Evidence Reviews. TABULATION, INTEGRATION, RESULTS: Of the 3,926 published abstracts identified, 47 met criteria for inclusion and included 31,967 participants. Telehealth interventions overall improved obstetric outcomes related to smoking cessation and breastfeeding. Telehealth interventions decreased the need for high-risk obstetric monitoring office visits while maintaining maternal and fetal outcomes. One study found reductions in diagnosed preeclampsia among women with gestational hypertension. Telehealth interventions were effective for continuation of oral and injectable contraception; one text-based study found increased oral contraception rates at 6 months. Telehealth provision of medication abortion services had similar clinical outcomes compared with in-person care and improved access to early abortion. Few studies suggested utility for telehealth to improve notification of sexually transmitted infection test results and app-based intervention to improve urinary incontinence symptoms. CONCLUSION: Telehealth interventions were associated with improvements in obstetric outcomes, perinatal smoking cessation, breastfeeding, early access to medical abortion services, and schedule optimization for high-risk obstetrics. Further well-designed studies are needed to examine these interventions and others to generate evidence that can inform decisions about implementation of newer telehealth technologies into obstetrics and gynecology practice.",Obstetrics and gynecology,2020 Feb,2020,February,,Nathaniel DeNicola; Daniel Grossman; Kathryn Marko; Sarita Sonalkar; Yvonne S Butler Tobah; Nihar Ganju; Catherine T Witkop; Jillian T Henderson; Jessica L Butler; Curtis Lowery,,10.1097/AOG.0000000000003646,https://doi.org/10.1097/AOG.0000000000003646,https://www.ncbi.nlm.nih.gov/pmc/articles/PMC7012339/,135,2,eng,United States,"Journal Article; Research Support, Non-U.S. Gov't; Systematic Review",Female; Gynecology/methods; Gynecology/trends; Humans; Obstetrics/methods; Obstetrics/trends; Pregnancy; Prenatal Care/standards; Quality of Health Care; Randomized Controlled Trials as Topic; Telemedicine/methods; Telemedicine/trends,Open Access,hybrid,cc-by-nc-nd,http://links.lww.com/AOG/B689
30553051,Perineal prevention and protection in obstetrics: CNGOF clinical practice guidelines.,"INTRODUCTION: The objective of these clinical practice guidelines was to analyse all of the interventions during pregnancy and childbirth that might prevent obstetric anal sphincter injuries (OASIS) and postnatal pelvic floor symptoms. MATERIAL AND METHODS: These guidelines were developed in accordance with the methods prescribed by the French Health Authority (HAS). RESULTS: A prenatal clinical examination of the perineum is recommended for women with a history of Crohn's disease, OASIS, genital mutilation, or perianal lesions (professional consensus). Just after delivery, a perineal examination is recommended to check for OASIS (Grade B); if there is doubt about the diagnosis, a second opinion should be requested (Grade C). In case of OASIS, the injuries (including their severity) and the technique for their repair should be described in detail (Grade C). Perineal massage during pregnancy must be encouraged among women who want it (Grade B). No intervention conducted before the start of the active phase of the second stage of labour has been shown to be effective in reducing the risk of perineal injury. The crowning of the baby's head should be manually controlled and the posterior perineum manually supported to reduce the risk of OASIS (Grade C). The performance of an episiotomy during normal deliveries is not recommended to reduce the risk of OASIS (Grade A). In instrumental deliveries, episiotomy may be indicated to avoid OASIS (Grade C). When an episiotomy is performed, a mediolateral incision is recommended (Grade B). The indication for episiotomy should be explained to the woman, and she should consent before its performance. Advising women to have a caesarean delivery for primary prevention of postnatal urinary or anal incontinence is not recommended (Grade B). During pregnancy and again in the labour room, obstetrics professionals should focus on the woman's expectations and inform her about the modes of delivery.",Journal of gynecology obstetrics and human reproduction,2019 Sep,2019,September,,G Ducarme; A C Pizzoferrato; R de Tayrac; C Schantz; T Thubert; C Le Ray; D Riethmuller; E Verspyck; B Gachon; F Pierre; F Artzner; B Jacquetin; X Fritel,Anal sphincter; Delivery; Episiotomy; Guideline; OASIS; Obstetrics; Perineal tear; Prevention,10.1016/j.jogoh.2018.12.002,https://doi.org/10.1016/j.jogoh.2018.12.002,,48,7,eng,France,Journal Article; Practice Guideline,"Anal Canal/injuries; Anal Canal/pathology; Anal Canal/surgery; Delivery, Obstetric/adverse effects; Delivery, Obstetric/methods; Episiotomy/methods; Episiotomy/rehabilitation; Female; Gynecology/methods; Gynecology/organization & administration; Gynecology/standards; Humans; Infant, Newborn; Lacerations/prevention & control; Obstetrics/methods; Obstetrics/organization & administration; Obstetrics/standards; Parturition/physiology; Perineum/injuries; Perineum/pathology; Perineum/surgery; Pregnancy; Risk Factors; Societies, Medical/standards",Open Access,hybrid,other-oa,https://www.sciencedirect.com/science/article/am/pii/S2468784718305191
29395268,"Countdown to 2030: tracking progress towards universal coverage for reproductive, maternal, newborn, and child health.","Building upon the successes of Countdown to 2015, Countdown to 2030 aims to support the monitoring and measurement of women's, children's, and adolescents' health in the 81 countries that account for 95% of maternal and 90% of all child deaths worldwide. To achieve the Sustainable Development Goals by 2030, the rate of decline in prevalence of maternal and child mortality, stillbirths, and stunting among children younger than 5 years of age needs to accelerate considerably compared with progress since 2000. Such accelerations are only possible with a rapid scale-up of effective interventions to all population groups within countries (particularly in countries with the highest mortality and in those affected by conflict), supported by improvements in underlying socioeconomic conditions, including women's empowerment. Three main conclusions emerge from our analysis of intervention coverage, equity, and drivers of reproductive, maternal, newborn, and child health (RMNCH) in the 81 Countdown countries. First, even though strong progress was made in the coverage of many essential RMNCH interventions during the past decade, many countries are still a long way from universal coverage for most essential interventions. Furthermore, a growing body of evidence suggests that available services in many countries are of poor quality, limiting the potential effect on RMNCH outcomes. Second, within-country inequalities in intervention coverage are reducing in most countries (and are now almost non-existent in a few countries), but the pace is too slow. Third, health-sector (eg, weak country health systems) and non-health-sector drivers (eg, conflict settings) are major impediments to delivering high-quality services to all populations. Although more data for RMNCH interventions are available now, major data gaps still preclude the use of evidence to drive decision making and accountability. Countdown to 2030 is investing in improvements in measurement in several areas, such as quality of care and effective coverage, nutrition programmes, adolescent health, early childhood development, and evidence for conflict settings, and is prioritising its regional networks to enhance local analytic capacity and evidence for RMNCH.","Lancet (London, England)",2018 Apr 14,2018,April,14,,,10.1016/S0140-6736(18)30104-1,https://doi.org/10.1016/S0140-6736(18)30104-1,,391,10129,eng,England,"Journal Article; Research Support, Non-U.S. Gov't; Research Support, U.S. Gov't, Non-P.H.S.; Review",Child Health/statistics & numerical data; Child Health/trends; Conservation of Natural Resources/trends; Global Health/statistics & numerical data; Global Health/trends; Health Equity/statistics & numerical data; Health Equity/trends; Humans; Infant Health/statistics & numerical data; Infant Health/trends; Maternal Health/statistics & numerical data; Maternal Health/trends; Mortality/trends; Nutritional Status; Reproductive Health/statistics & numerical data; Reproductive Health/trends; Universal Health Insurance/statistics & numerical data; Universal Health Insurance/trends,Open Access,hybrid,other-oa,http://www.thelancet.com/article/S0140673618301041/pdf
26433807,"The International Federation of Gynecology and Obstetrics (FIGO) Initiative on gestational diabetes mellitus: A pragmatic guide for diagnosis, management, and care.",,International journal of gynaecology and obstetrics: the official organ of the International Federation of Gynaecology and Obstetrics,2015 Oct,2015,October,,Moshe Hod; Anil Kapur; David A Sacks; Eran Hadar; Mukesh Agarwal; Gian Carlo Di Renzo; Luis Cabero Roura; Harold David McIntyre; Jessica L Morris; Hema Divakar,,10.1016/S0020-7292(15)30033-3,https://doi.org/10.1016/S0020-7292(15)30033-3,,131 Suppl 3,,eng,United States,"Journal Article; Practice Guideline; Research Support, Non-U.S. Gov't","Diabetes, Gestational/diagnosis; Diabetes, Gestational/therapy; Female; Gynecology; Humans; Hyperglycemia/therapy; International Agencies; Obstetrics; Organizations, Nonprofit; Pregnancy; Pregnancy Complications; Risk Factors",Open Access,hybrid,cc-by-nc-nd,https://obgyn.onlinelibrary.wiley.com/doi/pdfdirect/10.1016/S0020-7292%2815%2930033-3
33602781,Uterine leiomyoblastoma.,,BMJ case reports,2021 Feb 18,2021,February,18,Francesk Mulita; Fotios Iliopoulos; Kerasia-Maria Plachouri; Ioannis Kehagias,general surgery; obstetrics and gynaecology,10.1136/bcr-2020-241533,https://doi.org/10.1136/bcr-2020-241533,https://www.ncbi.nlm.nih.gov/pmc/articles/PMC7896603/,14,2,eng,England,Journal Article; Case Reports,"Female; Gynecology; Humans; Leiomyoma, Epithelioid; Obstetrics; Uterus",Open Access,bronze,,https://casereports.bmj.com/content/bmjcr/14/2/e241533.full.pdf
33558990,Point-of-care ultrasound in obstetrics and gynecology.,"BACKGROUND: The rapid technical development and portability of ultrasound systems over recent years has had a profound impact on the area of point-of-care-ultrasound (POCUS), both in general medicine and in obstetrics and gynecology. The use of POCUS enables the clinician to perform the ultrasound scan either at the medical office or the patient's bedside and used as an extension of the physical examination. Real-time images can immediately be correlated with the patient's symptoms, and any changes in a (critical) patient's condition can be more rapidly detected. POCUS IN OBGYN: POCUS is also suitable for time-critical scenarios, and depending on the situation and its dynamics, the course and results of any therapy may be observed in real time. POCUS should be considered to be a routine extension of practice for most OB/GYN clinicians as it can give immediate answers to what could be life-threatening situations for the mother and/or baby. With its proven usefulness, the applications and use of POCUS should be incorporated in teaching programs for medical students, OBGYN residents and emergency physicians.",Archives of gynecology and obstetrics,2021 Apr,2021,April,,Florian Recker; Eva Weber; Brigitte Strizek; Ulrich Gembruch; Susan Campbell Westerway; Christoph F Dietrich,Gynecology; Imaging; Obstetrics; Point-of-care ultrasound (POCUS),10.1007/s00404-021-05972-5,https://doi.org/10.1007/s00404-021-05972-5,https://www.ncbi.nlm.nih.gov/pmc/articles/PMC7985120/,303,4,eng,Germany,Journal Article; Review,Gynecology/methods; Humans; Obstetrics/methods; Physical Examination; Point-of-Care Systems/standards; Ultrasonography/methods,Open Access,hybrid,cc-by,https://link.springer.com/content/pdf/10.1007/s00404-021-05972-5.pdf
28945614,Simulation Training in Obstetrics.,"Simulation now permeates all levels of training in obstetrics and maternal-fetal medicine. We will review the role of obstetric simulation through the continuum of training and practice. Simulation allows learners to acquire skills in a nonthreatening environment while avoiding harm to patients. Simulation in obstetrics evolved from a learning tool for students and residents, to a method for experienced physicians to learn new procedures and reenter the full breadth and depth of practice. Specialty boards and credentialing organizations recognize simulation training as an innovative approach to assess and assure technical, clinical, and teamwork skills.",Clinical obstetrics and gynecology,2017 Dec,2017,December,,Nicole R Gavin; Andrew J Satin,,10.1097/GRF.0000000000000322,https://doi.org/10.1097/GRF.0000000000000322,,60,4,eng,United States,Journal Article; Review,"Education, Medical/methods; Female; Gynecology/education; Humans; Obstetrics/education; Pregnancy; Simulation Training/methods",Closed Access,closed,,
26819135,Changes in the Practice of Obstetrics and Gynecology.,"A projected shortage of obstetrician-gynecologists (OB-GYNs) is a result of both the increasing US population and the relatively static number of residency graduates. In addition, generational changes have contributed to increasing subspecialization, more desiring part-time employment, and earlier retirement. This article reviews data regarding changes in the practice of obstetrics and gynecology. Residency education is focusing more on a core curriculum in general obstetrics and gynecology, while subspecialty fellowship training has grown in popularity. There are no recent data to describe whether OB-GYNs are working fewer hours, yet more are employed in larger practices at mostly metropolitan locations. A team-based care model that incorporates nonphysician clinicians and digital conversion of clinical data has been encouraged to increase accessibility, improve comprehensiveness, commit to more continuity of care, and reduce redundancy. Compared with other medical specialists, OB-GYNs retire slightly earlier, especially females who will represent the field more. The specialty is moving toward a more comprehensive women's health care practice model that is more patient-centered, efficient, cost controlling, team-based, and adaptable to the needs of a diverse population. Implications from these changes for our practices and improving patient care are currently unclear and await more reported experience.",Obstetrical & gynecological survey,2016 Jan,2016,January,,William F Rayburn; Erin E Tracy,,10.1097/OGX.0000000000000264,https://doi.org/10.1097/OGX.0000000000000264,,71,1,eng,United States,Journal Article; Review,"Age Factors; Fellowships and Scholarships; Female; Gynecology/education; Gynecology/organization & administration; Gynecology/trends; Humans; Internship and Residency; Male; Models, Organizational; Obstetrics/education; Obstetrics/organization & administration; Obstetrics/trends; Patient-Centered Care; Personnel Staffing and Scheduling; Professional Practice/trends; Retirement; Sex Factors; Specialization/trends; Workforce",Closed Access,closed,,
31259840,Risk Management in Obstetrics and Gynecology.,"This article will review the basic principles of risk management, the role of the risk manager, and the importance of risk management in the patient safety movement as it pertains to obstetrics and gynecology. Several tools that are used by risk managers including risk assessments and root cause analyses will be used to illustrate positive patient safety measures that can be initiated to decrease adverse outcomes and reduced risk to an organization. The dramatic reduction in adverse outcomes and claims after the introduction of patient safety initiatives in a major obstetrical service will be reviewed.",Clinical obstetrics and gynecology,2019 Sep,2019,September,,Victor R Klein,,10.1097/GRF.0000000000000473,https://doi.org/10.1097/GRF.0000000000000473,,62,3,eng,United States,Journal Article; Review,Female; Gynecology/organization & administration; Gynecology/standards; Humans; Obstetrics/organization & administration; Obstetrics/standards; Patient Safety/standards; Pregnancy; Risk Management/methods,Closed Access,closed,,
12196857,Hemorrhagic shock.,"OBJECTIVE: To review the clinical aspects of hemorrhagic shock and provide recommendations for therapy. OPTIONS: Early recognition of hemorrhagic shock and prompt systematic intervention will help avoid poor outcomes. OUTCOMES: Establish guidelines to assist in early recognition of hemorrhagic shock and to conduct resuscitation in an organized and evidence-based manner. EVIDENCE: Medline references were sought using the MeSH term ""hemorrhagic shock."" All articles published in the disciplines of obstetrics and gynaecology, surgery, trauma, critical care, anesthesia, pharmacology, and hematology between 1 January 1990 and 31 August 2000 were reviewed, as well as core textbooks from these fields. Selected references from these articles and book chapters were also obtained and reviewed. The level of evidence has been determined using the criteria described by the Canadian Task Force on the Periodic Health Examination. RECOMMENDATIONS: 1. Clinicians should be familiar with the clinical signs of hemorrhagic shock. (III-B) 2. Clinicians should be familiar with the stages of hemorrhagic shock. (III-B) 3. Clinicians should assess each woman's risk for hemorrhagic shock and prepare for the procedure accordingly. (III-B) 4. Resuscitation from hemorrhagic shock should include adequate oxygenation. (II-3A) 5. Resuscitation from hemorrhagic shock should include restoration of circulating volume by placement of two large-bore IVs, and rapid infusion of a balanced crystalloid solution. (I-A) 6. Isotonic crystalloid or colloid solutions can be used for volume replacement in hemorrhagic shock (I-B). There is no place for hypotonic dextrose solutions in the management of hemorrhagic shock (I-E). 7. Blood component transfusion is indicated when deficiencies have been documented by clinical assessment or hematological investigations (II-2B). They should be warmed and infused through filtered lines with normal saline, free of additives and drugs (II-3B). 8. Vasoactive agents are rarely indicated in the management of hemorrhagic shock and should be considered only when volume replacement is complete, hemorrhage is arrested, and hypotension continues. They should be administered in a critical care setting with the assistance of a multidisciplinary team. (III-B) 9. Appropriate resuscitation requires ongoing evaluation of response to therapy, including clinical evaluation, and hematological, biochemical, and metabolic assessments. (III-B) 10. In hemorrhagic shock, prompt recognition and arrest of the source of hemorrhage, while implementing resuscitative measures, is recommended. (III-B)VALIDATION: These guidelines have been reviewed by the Clinical Practice Obstetrics Committee and approved by Executive and Council of the Society of Obstetricians and Gynaecologists of Canada. SPONSORS: The Society of Obstetricians and Gynaecologists of Canada.",Journal of obstetrics and gynaecology Canada : JOGC = Journal d'obstetrique et gynecologie du Canada : JOGC,2002 Jun,2002,June,,Marie-Jocelyne Martel; Katherine Jane MacKinnon; Marc-Yvon Arsenault; Elias Bartellas; Michael C Klein; Carolyn A Lane; Ann E Sprague; Ann Kathleen Wilson,,,,,24,6,eng,Netherlands,Guideline; Journal Article; Practice Guideline,"Blood Transfusion/methods; Blood Transfusion/standards; Evidence-Based Medicine; Female; Fluid Therapy/methods; Fluid Therapy/standards; Gynecology/methods; Gynecology/standards; Humans; Obstetrics/methods; Obstetrics/standards; Pregnancy; Pregnancy Complications, Cardiovascular/diagnosis; Pregnancy Complications, Cardiovascular/etiology; Pregnancy Complications, Cardiovascular/therapy; Research Design; Resuscitation/methods; Resuscitation/standards; Risk Factors; Shock, Hemorrhagic/diagnosis; Shock, Hemorrhagic/etiology; Shock, Hemorrhagic/therapy",Unknown,,,
37244457,Divisions of health equity in departments of obstetrics and gynecology.,"Disparities in maternal morbidity and mortality remain vivid reminders of the role of racism in obstetrics and gynecology. If a serious attempt is to be made to purge medicine of its ongoing role in unequal care, then departments must commit the same intellectual and material resources as they would to the other health challenges in their remit. A division that understands the unique needs and complexities of the specialty, including translating theory into practice, is uniquely positioned to keep health equity as a focus of clinical care, education, research, and community engagement. To achieve reproductive justice, an approach addressing the intersectionality of race, ethnicity and gender identity is critical. In this article, we detailed the ways in which divisions of health equity within departments of obstetrics and gynecology can dismantle impediments to progress and can move our discipline closer to optimal and equitable care for all. We described the unique educational, clinical, research, and innovative community-based activities of these divisions.",American journal of obstetrics and gynecology,2023 Nov,2023,November,,Camille A Clare; Christina Pardo; Howard Minkoff,"academic department, health equity division, department of obstetrics and gynecology",10.1016/j.ajog.2023.05.021,https://doi.org/10.1016/j.ajog.2023.05.021,,229,5,eng,United States,Journal Article; Review,"Pregnancy; Female; Humans; Male; Gynecology/education; Health Equity; Gender Identity; Obstetrics/education; Obstetrics and Gynecology Department, Hospital",Closed Access,closed,,
28990981,Telemedicine Applications in Obstetrics and Gynecology.,"This article reviews principles to consider when setting up a telemedicine (TM) program to provide care to women in the field of obstetrics and gynecology. There are different types of TM encounters and clinical applications vary widely. The consensus among patients and providers is that TM is convenient to provide needed subspecialty medical care when it is not available locally. These programs are clinically successful, but economic and cost-effectiveness data are lacking. Federal reimbursement policy is limited for TM. State policy on coverage and reimbursement varies significantly from state to state and is the main driver on whether TM programs are successful.",Clinical obstetrics and gynecology,2017 Dec,2017,December,,Andrea L Greiner,,10.1097/GRF.0000000000000328,https://doi.org/10.1097/GRF.0000000000000328,,60,4,eng,United States,Journal Article; Review,Cost-Benefit Analysis; Female; Gynecology/economics; Gynecology/methods; Health Services Accessibility/economics; Humans; Obstetrics/economics; Obstetrics/methods; Pregnancy; Prenatal Care/economics; Prenatal Care/methods; Telemedicine/economics; Telemedicine/methods,Closed Access,closed,,
39098777,Obstetrician-Gynecologist Hospitalists as Educators.,The progressive growth of the hospitalist model of practice over the past 20 years has solidified the role of the obstetrics and gynecology (ob/gyn) hospitalists as an essential component of quality inpatient care. The ob/gyn hospitalist as an educator is proving to be an important role in the future of hospitalist practice. The role as an educator has long-term benefits and implications for the standardization of education and evidence-based patient care both in community-based and academic practice settings.,Obstetrics and gynecology clinics of North America,2024 Sep,2024,September,,Sheila Hill; Sara Carranco; Andrea LugoMorales; William F Rayburn,Competency/competencies; Education; Hospitalist; Learning; Obstetrician-gynecologist; Teaching,10.1016/j.ogc.2024.06.001,https://doi.org/10.1016/j.ogc.2024.06.001,,51,3,eng,United States,Journal Article; Review,Humans; Hospitalists; Obstetrics/education; Gynecology/education; Female; Pregnancy; Obstetricians; Gynecologists,Closed Access,closed,,
26333643,Obstetrics and Gynecology Hospitalist Fellowships.,"This article establishes the rationale and development of an obstetrics and gynecology (OB/GYN) hospitalist fellowship program. The pool of OB/GYN hospitalists needs to be drastically expanded to accommodate the country's needs. Fellowship programs should provide extra training and confidence for recent resident graduates who want to pursue a hospitalist career. Fellowships should train physicians in a way that aligns their interests with those of the hospital with respect to patient care, teaching, and research. Research in the core measures should be a necessary component of the fellowship so as to provide long-term benefits for all stakeholders, including hospitals and patients.",Obstetrics and gynecology clinics of North America,2015 Sep,2015,September,,Anthony M Vintzileos,Fellowship; Hospitalist; Obstetrics and gynecology; Patient safely; Physician satisfaction,10.1016/j.ogc.2015.05.012,https://doi.org/10.1016/j.ogc.2015.05.012,,42,3,eng,United States,Journal Article; Review,Fellowships and Scholarships; Female; Gynecology/education; Hospitalists/education; Hospitalists/trends; Humans; Job Satisfaction; Obstetrics/education; Patient Safety; Pregnancy; United States; Workforce,Closed Access,closed,,
36704854,Best practices for teaching psychosomatic obstetrics and gynecology.,"Psychosomatic obstetrics and gynecology (POG) encompasses a wide variety of topics. While specialists in this field agree that it is important for practicing clinicians to be familiar with psychosomatic issues related to women's health, there is no consensus about the best practices for teaching and assessing this knowledge, or even which are the topics that should be included. By examining existing literature on educational methodology, this paper aims to suggest best practices that are proven useful in teaching issues related to POG. The paper considers learning objectives for what should be taught, recommendations as to best practices for curriculum delivery, and suggestions for how to assess learners' ability to meet the objectives. Establishing guidelines for teaching POG may be useful for learners at different levels and in various settings.",Journal of psychosomatic obstetrics and gynaecology,2023 Jan 13,2023,January,13,Jonathan Schaffir; Vivian Pramataroff-Hamburger,Psychosomatic obstetrics and gynecology; assessment; curriculum; education,10.1080/0167482X.2023.2169125,https://doi.org/10.1080/0167482X.2023.2169125,,44,1,eng,England,Journal Article; Review,Pregnancy; Female; Humans; Gynecology/education; Obstetrics/education; Women's Health; Curriculum,Open Access,gold,cc-by,https://www.tandfonline.com/doi/pdf/10.1080/0167482X.2023.2169125
33541584,Interventional radiology in gynecology and obstetric practice: Safety issues.,"Interventional radiology is continuing to reshape current practice in many specialties of clinical care and the fields of gynecology and obstetrics are no exception. Imaging skills, clinical knowledge as well as vascular and non-vascular interventional technical ability, are essential to practice interventional radiology effectively. Patient safety is of paramount importance in interventional radiology as in all branches of medicine. Potential failures occur throughout successful procedures and are attributed to a spectrum of errors, including equipment unavailability, planning errors, and communication errors. These are mainly preventable by improved preprocedural planning and teamwork. Of all the targeted and effective actions that can be undertaken to reduce adverse events, the use of safety checklists might have a prominent role. The advantage of a safety checklist for interventional radiology is that it guarantees that human error in terms of forgetting key steps in patient preparation, intraprocedural care, and postoperative care are not forgotten.","Seminars in ultrasound, CT, and MR",2021 Feb,2021,February,,Antonio Pinto; Francesco Giurazza; Teresa Califano; Gaetano Rea; Tullio Valente; Raffaella Niola; Ferdinando Caranci,,10.1053/j.sult.2020.09.004,https://doi.org/10.1053/j.sult.2020.09.004,https://www.ncbi.nlm.nih.gov/pmc/articles/PMC7525270/,42,1,eng,United States,Journal Article; Review,"Female; Genital Diseases, Female/diagnostic imaging; Genital Diseases, Female/therapy; Gynecology/methods; Humans; Obstetrics/methods; Patient Safety; Pregnancy; Radiography, Interventional/methods; Radiology, Interventional/methods",Open Access,green,,https://www.ncbi.nlm.nih.gov/pmc/articles/7525270
30664840,Systematic Review of Interventions for Reproductive Life Planning.,"OBJECTIVE: To systematically review the literature on interventions for reproductive life planning (RLP). DATA SOURCES: We searched PubMed, CINAHL Plus, and PsycINFO for studies of the implementation and/or evaluation of an RLP intervention using the following search terms: reproductive life planning, intervention, program, evaluation, trial, strategy, assessment, survey, tool, and education. No limitations were set on languages or geographic locations of the studies. Records from 1990 through 2017 were searched. STUDY SELECTION: The initial search yielded 133 results after duplicates were excluded. Titles and abstracts were screened to determine whether articles met the inclusion criteria, and 110 articles were excluded. We completed a full-text review of 23 articles, and 9 articles met inclusion criteria. A secondary citations search and manual review of reference lists of articles already included in the review yielded an additional three articles. A total of 12 articles were identified for final inclusion. DATA EXTRACTION: We reviewed each article to assess study design, sample size and participants, study objectives, and outcome measures of the RLP intervention or evaluation implemented. DATA SYNTHESIS: We grouped studies into three categories according to outcomes measured: perceptions and acceptability of the intervention, change in knowledge after the intervention, and change in health behavior after the intervention. We used the Grading of Recommendations Assessment, Development and Evaluation (GRADE) system to evaluate the evidence of effectiveness for each outcome measured in each study. CONCLUSION: There is a dearth of literature in which researchers tested and documented the effectiveness of extant RLP interventions. Current evidence highlights a positive reception of RLP in clinical practice, but data are limited with regard to its effectiveness in initiating changes in knowledge or behavioral outcomes. Process and outcome evaluations are needed to build the evidence base for RLP.","Journal of obstetric, gynecologic, and neonatal nursing : JOGNN",2019 Mar,2019,March,,Sarah L Hipp; Jane Chung-Do; Elizabeth McFarlane,intervention; maternal health; preconception care; reproductive life planning; unintended pregnancy,10.1016/j.jogn.2018.12.007,https://doi.org/10.1016/j.jogn.2018.12.007,,48,2,eng,United States,Journal Article; Systematic Review,"Family Planning Services/education; Female; Humans; Maternal Health; Preconception Care/methods; Pregnancy; Pregnancy, Unplanned/psychology; Reproductive Health/education",Closed Access,closed,,
32841628,"Computational medicine, present and the future: obstetrics and gynecology perspective.","Medicine is, in its essence, decision making under uncertainty; the decisions are made about tests to be performed and treatments to be administered. Traditionally, the uncertainty in decision making was handled using expertise collected by individual providers and, more recently, systematic appraisal of research in the form of evidence-based medicine. The traditional approach has been used successfully in medicine for a very long time. However, it has substantial limitations because of the complexity of the system of the human body and healthcare. The complex systems are a network of highly coupled components intensely interacting with each other. These interactions give those systems redundancy and thus robustness to failure and, at the same time, equifinality, that is, many different causative pathways leading to the same outcome. The equifinality of the complex systems of the human body and healthcare system demand the individualization of medical care, medicine, and medical decision making. Computational models excel in modeling complex systems and, consequently, enabling individualization of medical decision making and medicine. Computational models are theory- or knowledge-based models, data-driven models, or models that combine both approaches. Data are essential, although to a different degree, for computational models to successfully represent complex systems. The individualized decision making, made possible by the computational modeling of complex systems, has the potential to revolutionize the entire spectrum of medicine from individual patient care to policymaking. This approach allows applying tests and treatments to individuals who receive a net benefit from them, for whom benefits outweigh the risk, rather than treating all individuals in a population because, on average, the population benefits. Thus, the computational modeling-enabled individualization of medical decision making has the potential to both improve health outcomes and decrease the costs of healthcare.",American journal of obstetrics and gynecology,2021 Jan,2021,January,,Radek Bukowski; Karl Schulz; Kelly Gaither; Keri K Stephens; Dave Semeraro; Justin Drake; Gordon Smith; Craig Cordola; Thaleia Zariphopoulou; Thomas J R Hughes; Christopher Zarins; Dimitri Kusnezov; Donna Howard; Tinsley Oden,computation; data; data-driven models; machine learning; modeling; physics-based models; theory-based models; uncertainty,10.1016/j.ajog.2020.08.057,https://doi.org/10.1016/j.ajog.2020.08.057,,224,1,eng,United States,Journal Article; Review,"Computational Biology; Gynecology; Humans; Models, Theoretical; Obstetrics",Open Access,green,cc-by-nc-nd,https://doi.org/10.17863/cam.57000
37953272,LGBTQI content on obstetrics and gynecology residency websites.,"BACKGROUND: In the United States (US), many obstetrics & gynecology (OB-GYN) trainees feel unprepared to care for lesbian, gay, bisexual, transgender, queer, and intersex (LGBTQI) individuals, but interest in this topic is rising. Residency program websites are one way that directors can advertise whether this training is offered within their program. We aimed to describe the extent to which LGBTQI content is currently featured on OB-GYN residency websites across the country. METHODS: We identified all OB-GYN residency programs in the United States using a publicly available database. We systematically searched for select LGBTQI keywords on program websites. We collected data on mentions of LGBTQI didactics and rotations. We also searched whether LGTBQI keywords were included in diversity, equity, and inclusion (DEI) statements. We used multivariable logistic regression to compare the characteristics of programs that do and do not include this content. We used STATA SE Version 16.0 for all analyses and set the level of significance at 5%. RESULTS: We included 287/295 US OB-GYN residency programs in our analysis (97.3%) and excluded 8 that did not have websites. We identified any LGBTQI content on 50 program websites (17.4%), and specific mention of didactics or rotations on 8 websites (2.8%). On multivariable analysis, programs in the West were more likely to include any LGBTQI content compared to programs in the South (OR 2.81, 95%CI 1.04-7.63), as were programs with 1 or 2 fellowships (OR 3.41, 95%CI 1.43-8.14) or 3 or more fellowships (OR 4.85, 95%CI 2.03-11.57) compared to those without fellowships. Programs in departments led by female chairs were also more likely to include LBTQI content (OR 3.18, 95%CI 1.55-6.51). CONCLUSIONS: Academic programs, West Coast programs, and those with departments led by female chairs are more likely to mention LGBTQI keywords on their websites. Given the increasing interest in LGBTQI education for OB-GYN trainees, program directors should consider providing training opportunities and including this content on their websites.",BMC medical education,2023 Nov 12,2023,November,12,Amythis Soltani; Saman Baban; Katherine French; Kathryn Annand; Annemarie Pelle; Bianca M Stifani,Gay; Gynecology; Intersex; LGBTQI; Lesbian; Medical education; Obstetrics; Residency; Transgender,10.1186/s12909-023-04624-3,https://doi.org/10.1186/s12909-023-04624-3,https://www.ncbi.nlm.nih.gov/pmc/articles/PMC10642032/,23,1,eng,England,Systematic Review; Journal Article,Pregnancy; Female; Humans; United States; Gynecology/education; Internship and Residency; Curriculum; Obstetrics/education; Transgender Persons; Male,Open Access,gold,cc-by,https://bmcmededuc.biomedcentral.com/counter/pdf/10.1186/s12909-023-04624-3
28674846,Reporting and Analysis of Trial-Based Cost-Effectiveness Evaluations in Obstetrics and Gynaecology.,"BACKGROUND AND OBJECTIVES: The aim was to systematically review whether the reporting and analysis of trial-based cost-effectiveness evaluations in the field of obstetrics and gynaecology comply with guidelines and recommendations, and whether this has improved over time. DATA SOURCES AND SELECTION CRITERIA: A literature search was performed in MEDLINE, the NHS Economic Evaluation Database (NHS EED) and the Health Technology Assessment (HTA) database to identify trial-based cost-effectiveness evaluations in obstetrics and gynaecology published between January 1, 2000 and May 16, 2017. Studies performed in middle- and low-income countries and studies related to prevention, midwifery, and reproduction were excluded. DATA COLLECTION AND ANALYSIS: Reporting quality was assessed using the Consolidated Health Economic Evaluation Reporting Standard (CHEERS) statement (a modified version with 21 items, as we focused on trial-based cost-effectiveness evaluations) and the statistical quality was assessed using a literature-based list of criteria (8 items). Exploratory regression analyses were performed to assess the association between reporting and statistical quality scores and publication year. RESULTS: The electronic search resulted in 5482 potentially eligible studies. Forty-five studies fulfilled the inclusion criteria, 22 in obstetrics and 23 in gynaecology. Twenty-seven (60%) studies did not adhere to 50% (n = 10) or more of the reporting quality items and 32 studies (71%) did not meet 50% (n = 4) or more of the statistical quality items. As for the statistical quality, no study used the appropriate method to assess cost differences, no advanced methods were used to deal with missing data, and clustering of data was ignored in all studies. No significant improvements over time were found in reporting or statistical quality in gynaecology, whereas in obstetrics a significant improvement in reporting and statistical quality was found over time. LIMITATIONS: The focus of this review was on trial-based cost-effectiveness evaluations in obstetrics and gynaecology, so further research is needed to explore whether results from this review are generalizable to other medical disciplines. CONCLUSIONS AND IMPLICATIONS OF KEY FINDINGS: The reporting and analysis of trial-based cost-effectiveness evaluations in gynaecology and obstetrics is generally poor. Since this can result in biased results, incorrect conclusions, and inappropriate healthcare decisions, there is an urgent need for improvement in the methods of cost-effectiveness evaluations in this field.",PharmacoEconomics,2017 Oct,2017,October,,Mohamed El Alili; Johanna M van Dongen; Judith A F Huirne; Maurits W van Tulder; Judith E Bosmans,,10.1007/s40273-017-0531-3,https://doi.org/10.1007/s40273-017-0531-3,https://www.ncbi.nlm.nih.gov/pmc/articles/PMC5606992/,35,10,eng,New Zealand,Journal Article; Review,Clinical Trials as Topic/economics; Cost-Benefit Analysis/statistics & numerical data; Guideline Adherence/statistics & numerical data; Gynecology/economics; Humans; Obstetrics/economics,Open Access,hybrid,cc-by-nc,http://link.springer.com/content/pdf/10.1007/s40273-017-0531-3.pdf
27212092,Cardiovascular Disease in Women: Primary and Secondary Cardiovascular Disease Prevention.,"Cardiovascular disease remains the leading cause of death in the United States. Primary prevention of cardiovascular disease requires involvement of an extended health care team. Obstetricians and gynecologists are uniquely positioned within the health care system because they are often the primary or only contact women have with the system. This review article discusses initial assessment, treatment recommendations, and practical tips regarding primary and secondary prevention of cardiovascular disease in women with a focus on coronary heart disease; discussion includes peripheral and cerebrovascular disease.",Obstetrics and gynecology clinics of North America,2016 Jun,2016,June,,Monika Sanghavi; Martha Gulati,Cardiovascular disease; Primary prevention; Secondary prevention; Women,10.1016/j.ogc.2016.01.001,https://doi.org/10.1016/j.ogc.2016.01.001,,43,2,eng,United States,Journal Article; Review,"Age Factors; Cardiovascular Diseases/diagnosis; Cardiovascular Diseases/etiology; Cardiovascular Diseases/prevention & control; Diabetes Mellitus, Type 2/blood; Diabetes Mellitus, Type 2/complications; Diabetes Mellitus, Type 2/physiopathology; Diet/adverse effects; Female; Gynecology; Humans; Obstetrics; Practice Guidelines as Topic; Primary Prevention; Risk Factors; Risk Reduction Behavior; Secondary Prevention; Smoking/adverse effects; Smoking/epidemiology; United States; Women's Health",Closed Access,closed,,
33573782,Reproductive Rights and Women's Mental Health: Essential Information for the Obstetrician-Gynecologist.,"Reproductive health care is crucial to women's well-being and that of their families. State and federal laws restricting access to contraception and abortion in the United States are proliferating. Often the given rationales for these laws state or imply that access to contraception and abortion promote promiscuity, and/or that abortion is medically dangerous and causes a variety of adverse obstetric, medical, and psychological sequelae. These rationales lack scientific foundation. This article provides the evidence for the safety of abortion, for both women and girls, and encourages readers to advocate against restrictions.",Obstetrics and gynecology clinics of North America,2021 Mar,2021,March,,Nada L Stotland; Angela D Shrestha; Naomi E Stotland,Abortion; Abortion effects; Reproductive rights; State laws,10.1016/j.ogc.2020.11.002,https://doi.org/10.1016/j.ogc.2020.11.002,,48,1,eng,United States,Journal Article; Review,"Abortion, Induced/legislation & jurisprudence; Adolescent; Adult; Contraception; Female; Gynecology; Humans; Mental Health; Obstetrics; Pregnancy; Reproductive Health/legislation & jurisprudence; Reproductive Rights/legislation & jurisprudence; United States; Women's Health/legislation & jurisprudence",Closed Access,closed,,
34567342,COVID-19 and its implications for obstetrics and gynecology practice in Africa.,"Having to cope with corona virus disease 2019 (COVID-19) is likely to create imbalances in health care provision in the obstetrics and gynecology practices in Africa where most countries still battle with high rate of maternal morbidities and mortalities as well as poor or inadequate quality gynecological care. COVID-19 has spread to the continents of the world including all African nations since it was first reported in Wuhan, China in December 2019. Its impact and implications on the obstetrics and gynecology practice in Africa are yet to be fully explored. Routine essential services are being disrupted; therefore, giving rise to the need to redeploy the already limited health personnel across health services in Africa. This is an attempt to discuss the potential implications for obstetrics and gynecologic practice in Africa.",The Pan African medical journal,2021,2021,,,Timothy Abiola Olusesan Oluwasola; Oluwasomidoyin Olukemi Bello,Africa; COVID-19; gynecology; implications; obstetrics; practice,10.11604/pamj.2021.38.15.25520,https://doi.org/10.11604/pamj.2021.38.15.25520,https://www.ncbi.nlm.nih.gov/pmc/articles/PMC8444119/,38,,eng,Uganda,Journal Article; Review,Africa; COVID-19; Delivery of Health Care/organization & administration; Delivery of Health Care/standards; Female; Gynecology/organization & administration; Gynecology/standards; Health Personnel/organization & administration; Humans; Obstetrics/organization & administration; Obstetrics/standards; Pregnancy; Quality of Health Care,Open Access,gold,cc-by,https://www.panafrican-med-journal.com//content/DownloadFile.php?Type=Art&PdfTarget=38-15-25520
36729949,Interventional Radiology in Obstetrics and Gynecology: Updates in Women's Health.,"Interventional radiology has had an expanding role in women's health over the past few decades, with recent accelerated growth and development. Interventional radiology is fundamental in the treatment of multiple conditions that affect women, including pelvic venous disease, uterine fibroids, and adenomyosis, and in postpartum management. Patient workup, classification, and treatment techniques have continued to evolve as interventional radiology has become more prevalent in the treatment of patients affected by these conditions. The authors provide a review of the pathophysiology of, patient workup for, and treatment of pelvic venous disease and uterine artery embolization for various disease processes. The authors also highlight updates from the past 5-10 years in diagnosis, classification, and treatment strategies. © RSNA, 2023 Quiz questions for this article are available in the supplemental material.","Radiographics : a review publication of the Radiological Society of North America, Inc",2023 Mar,2023,March,,Mari E Tanaka; Nicole Keefe; Theresa Caridi; Maureen Kohi; Gloria Salazar,,10.1148/rg.220039,https://doi.org/10.1148/rg.220039,,43,3,eng,United States,Review; Journal Article,"Pregnancy; Female; Humans; Gynecology; Obstetrics; Uterine Neoplasms; Radiology, Interventional; Women's Health; Vascular Diseases",Closed Access,closed,,
30273584,"Tackling poorly selected, collected, and reported outcomes in obstetrics and gynecology research.","Clinical research should ultimately improve patient care. To enable this, randomized controlled trials must select, collect, and report outcomes that are both relevant to clinical practice and genuinely reflect the perspectives of key stakeholders including health care professionals, researchers, and patients. Unfortunately, many randomized controlled trials fall short of this requirement. Complex issues, including a failure to take into account the perspectives of key stakeholders when selecting outcomes, variations in outcome definitions and measurement instruments, and outcome reporting bias make research evidence difficult to interpret, undermining the translation of research into clinical practice. Problems with poor outcome selection, measurement, and reporting can be addressed by developing, disseminating, and implementing core outcome sets. A core outcome set represents a minimum data set of outcomes developed using robust consensus science methods engaging diverse stakeholders including health care professionals, researchers, and patients. Core outcomes should be routinely utilized by researchers, collected in a standardized manner, and reported consistently in the final publication. They are currently being developed across our specialty including infertility, endometriosis, and preeclampsia. Recognizing poorly selected, collected, and reported outcomes as serious hindrances to progress in our specialty, more than 80 journals including the Journal, have come together to support the Core Outcomes in Women's and Newborn Health (CROWN) initiative. The consortium supports researchers to develop, disseminate, and implement core outcome sets. Implementing core outcome sets could make a profound contribution to addressing poorly selected, collected, and reported outcomes. Implementation should ensure future randomized controlled trials hold the necessary reach and relevance to inform clinical practice, enhance patient care, and improve patient outcomes.",American journal of obstetrics and gynecology,2019 Jan,2019,January,,James M N Duffy; Sue Ziebland; Peter von Dadelszen; Richard J McManus,core outcome sets; gynecology; obstetrics; outcome measures; outcomes; research waste,10.1016/j.ajog.2018.09.023,https://doi.org/10.1016/j.ajog.2018.09.023,,220,1,eng,United States,"Journal Article; Research Support, Non-U.S. Gov't; Review","Biomedical Research/standards; Biomedical Research/trends; Data Collection; Female; Gynecology/standards; Gynecology/trends; Humans; Information Dissemination; Needs Assessment; Obstetrics/standards; Obstetrics/trends; Outcome Assessment, Health Care; Patient Reported Outcome Measures; Pregnancy; Randomized Controlled Trials as Topic; Research Design; United States",Open Access,bronze,cc-by-nc-nd,http://www.ajog.org/article/S0002937818308159/pdf
32627156,The usefulness of periostin determination in gynecology and obstetrics.,"Periostin (POSTN) is a multifunctional glycoprotein that belongs to the group of extracellular matrix (ECM) proteins. Due to the molecular structure, cellular interactions, tissue locations as well functions of POSTN, we realize that its pivotal role is organization and regulation of ECM microenvironment. In available databases there is a lack of data summarizing current knowledge about POSTN expression in the field of gynecology and obstetrics. We conducted a search in PubMed of the National Library of Medicine and Google Scholar. Databases were extensively searched for all original and review articles/book chapters published in English until December 2019 and related to periostin expression. All relevant articles were reviewed and presented as appropriate. In the field of POSTN expression there is only one paper evaluating its involvement in cervical cancer cell metabolism and only two studies analyzing its myometrial commitment: maintenance during pregnancy and induction of parturition in physiology as well control of fibroids biology in pathology. Much more attention has been devoted to the expression of described protein in the endometriosis, and above all in ovarian cancer. Finally, a few studies carried out among pregnant women were presented. In this review study we presented current knowledge about periostin expression in the field of gynecology and obstetrics. Many achieved results are interesting and further studies are needed to verify some hypotheses. Structure, signaling pathways as well many functions of periostin are well-described. However, as it was clearly shown there is a lot of unknown issues which are waiting to be explored.",Ginekologia polska,2020,2020,,,Christopher Kobierzycki; Krzysztof J Latkowski; Piotr Dziegiel,POSTN; cancer; endometriosis; fibroid; gestation; leiomyoma; miscarriage; myoma; neoplasm; periostin; pregnancy,10.5603/GP.2020.0064,https://doi.org/10.5603/GP.2020.0064,,91,6,eng,Poland,"Journal Article; Research Support, Non-U.S. Gov't; Review",Cell Adhesion Molecules/metabolism; Female; Gynecology/standards; Humans; Neoplasm Metastasis; Obstetrics/standards; Uterine Cervical Neoplasms/metabolism,Open Access,gold,,https://journals.viamedica.pl/ginekologia_polska/article/download/GP.2020.0064/51289
37604701,Environmental sustainability in obstetrics and gynaecology: A systematic review.,"BACKGROUND: The healthcare sector is responsible for 4%-10% of global greenhouse gas emissions. Considering the broad range of care that obstetricians and gynaecologists provide, mitigation strategies within this specialty could result in significant reductions of the environmental footprint across the whole healthcare industry. OBJECTIVES: The aim of this review was to identify for what services, procedures and products within obstetric and gynaecological care the environmental impact has been studied, to assess the magnitude of such impact and to identify mitigation strategies to diminish it. SEARCH STRATEGY: The search strategy combined terms related to environmental impact, sustainability, climate change or carbon footprint, with the field of obstetrics and gynaecology. SELECTION CRITERIA: Articles reporting on the environmental impact of any service, procedure or product within the field of obstetrics and gynaecology were included. Included outcomes covered midpoint impact categories, CO2 emissions, waste generation and energy consumption. DATA COLLECTION AND ANALYSIS: A systematic literature search was conducted in the databases of MEDLINE (Ovid), Embase (Ovid) and Scopus, and a grey literature search was performed on Google Scholar and two websites of gynaecological associations. MAIN RESULTS: The scope of the investigated studies encompassed vaginal births, obstetric and gynaecological surgical procedures, menstrual products, vaginal specula and transportation to gynaecological oncologic consultations. Among the highest yielding mitigation strategies were displacing disposable with reusable materials and minimising content of surgical custom packs. The lowest yielding mitigation strategy was waste optimisation, including recycling. CONCLUSIONS: This systematic review highlights opportunities for obstetricians and gynaecologists to decrease their environmental footprint in many ways. More high-quality studies are needed to investigate the environmental impact of other aspects of women's and reproductive health care.",BJOG : an international journal of obstetrics and gynaecology,2024 Apr,2024,April,,Eva Sayone Cohen; Lisanne H J A Kouwenberg; Kate S Moody; Nicolaas H Sperna Weiland; Dionne Sofia Kringos; Anne Timmermans; Wouter J K Hehenkamp,carbon footprint; climate change; environmental pollution; environmental sustainability; gynaecology; obstetrics,10.1111/1471-0528.17637,https://doi.org/10.1111/1471-0528.17637,,131,5,eng,England,Systematic Review; Journal Article; Review,Female; Humans; Gynecology; Obstetrics; Carbon Footprint,Open Access,bronze,,https://onlinelibrary.wiley.com/doi/pdfdirect/10.1111/1471-0528.17637
31425173,The Ob/Gyn and the transgender patient.,"PURPOSE OF REVIEW: Over the last few years, awareness and visibility of transgender individuals have exponentially grown. With this growth comes the need for medical providers who understand the unique needs of this population. The present review serves to help obstetrician-gynecologists recognize their important role in the care of these patients. RECENT FINDINGS: Although long-term data are still lacking in the medical care of individuals with gender dysphoria, standards of care for the medical treatment of transgender patients and long-term screening recommendations in the primary care setting were discussed. SUMMARY: Given their surgical expertise and experience with hormone management, obstetrician-gynecologists are in a unique position to provide quality healthcare in this population.",Current opinion in obstetrics & gynecology,2019 Oct,2019,October,,Jason Jarin,,10.1097/GCO.0000000000000562,https://doi.org/10.1097/GCO.0000000000000562,,31,5,eng,England,Journal Article; Review,Delivery of Health Care/methods; Female; Gender Dysphoria/therapy; Gynecology/methods; Humans; Male; Obstetrics/methods; Quality of Health Care; Transgender Persons,Closed Access,closed,,
29393042,Assessment and learning of ultrasound skills in Obstetrics & Gynecology .,"Ultrasound is a core skill in obstetrics-gynecology, but is highly operator-dependent. The evidence supporting the use of different methods for assessment and training of ultrasound skills was examined from different perspectives through a series of explorative and experimental studies. We found that ultrasound performance of trainees in obstetrics-gynecology depended on a combination of motor skills, visual skills, and cognitive skills. We then established international multispecialty consensus on an assessment instrument designed to evaluate ultrasound skills. The validity evidence of assessments made using this instrument was then examined using empirical data on the performances of obstetrician-gynecologists with different levels of clinical experience. There was evidence to suggest that technical aspects of trainee performance may need improvement, and that simulation-based ultrasound training may play a role by allowing trainees to achieve mastery levels prior to their clinical training. We found that the use of simulation-based ultrasound training led to immediate as well as sustained improvements in trainees' performances with patients. Moreover, simulation-based ultrasound training led to improvements in patient-reported discomfort, perceived safety, and confidence in the ultrasound operator. From an organizational perspective, we found evidence that providing initial simulation-based ultrasound training combined with clinical training reduced the need for supervised practice and repeated patient examinations. This evidence supported the hypothesis that simulation-based medical education can act as preparation for future learning. Finally, by taking a health economics perspective, we examined how ultrasound training could be linked to monetary costs, and demonstrated how training efficiency could be doubled using collaborative learning without negative consequences.",Danish medical journal,2018 Feb,2018,February,,Martin Grønnebæk Tolsgaard,,,,,65,2,eng,Denmark,Journal Article; Review,"Clinical Competence; Education, Medical, Graduate/methods; Gynecology/education; Humans; Internship and Residency; Obstetrics/education; Patient Safety; Simulation Training/methods; Ultrasonography",Unknown,,,
21598411,Acupuncture in obstetrics and gynecology: an overview of systematic reviews.,"Acupuncture is often recommended for obstetrical and gynecological conditions but the evidence is confusing. We aim to summarize all recent systematic reviews in this area. Western and Asian electronic databases were searched for systematic reviews of any type of acupuncture for any type of gynecological conditions. Our own files were hand-searched. Systematic reviews of any type of acupuncture for any type of gynecological conditions were included. Non-systematic reviews and systematic reviews published before 2004 were excluded. No language restrictions were applied. Data were extracted according to predefined criteria and analysed narratively. Twenty-four systematic reviews were included. They relate to a wide range of gynecological conditions: hot flashes, conception, dysmenorrhea, premenstrual syndrome, nausea/vomiting, breech presentation, back pain during pregnancy, and procedural pain. Nine systematic reviews arrived with clearly positive conclusions; however, there were many contradictions and caveats. The evidence for acupuncture as a treatment of obstetrical and gynecological conditions remains limited.",The American journal of Chinese medicine,2011,2011,,,Edzard Ernst; Myeong Soo Lee; Tae-Young Choi,,10.1142/S0192415X11008920,https://doi.org/10.1142/S0192415X11008920,,39,3,eng,Singapore,"Journal Article; Research Support, Non-U.S. Gov't; Review",Acupuncture Therapy; Female; Fertilization; Gynecology/methods; Hot Flashes/therapy; Humans; Menstruation Disturbances/therapy; Obstetrics/methods; Pregnancy; Pregnancy Complications/therapy; Review Literature as Topic,Closed Access,closed,,
31471403,Artificial Intelligence in Obstetrics and Gynaecology: Is This the Way Forward?,"An increasing trend in funding towards artificial intelligence (AI) research in medicine has re-animated huge expectations for future applications. Obstetrics and gynaecology remain highly litigious specialities, accounting for a large proportion of indemnity payments due to poor outcomes. Several challenges have to be faced in order to improve current clinical practice in both obstetrics and gynaecology. For instance, a complete understanding of fetal physiology and establishing accurately predictive antepartum and intrapartum monitoring are yet to be achieved. In gynaecology, the complexity of molecular biology results in a lack of understanding of gynaecological cancer, which also contributes to poor outcomes. In this review, we aim to describe some important applications of AI in obstetrics and gynaecology. We also discuss whether AI can lead to a deeper understanding of pathophysiological concepts in obstetrics and gynaecology, allowing delineation of some grey zones, leading to improved healthcare provision. We conclude that AI can be used as a promising tool in obstetrics and gynaecology, as an approach to resolve several longstanding challenges; AI may also be a means to augment knowledge and assist clinicians in decision-making in a variety of areas in obstetrics and gynaecology.","In vivo (Athens, Greece)",2019,2019,,,Elif Iliria Emin; Ece Emin; Apostolos Papalois; Fredric Willmott; Sonji Clarke; Michail Sideris,Artificial intelligence; IVF; fetal monitoring; gynaecological cancer; obstetrics and gynaecology; personalised medicine; review,10.21873/invivo.11635,https://doi.org/10.21873/invivo.11635,https://www.ncbi.nlm.nih.gov/pmc/articles/PMC6755029/,33,5,eng,Greece,Journal Article; Review,Artificial Intelligence; Female; Gynecology/methods; Gynecology/standards; Gynecology/trends; Humans; Medical Informatics/methods; Medical Informatics/standards; Medical Informatics/trends; Obstetrics/methods; Obstetrics/standards; Obstetrics/trends; Precision Medicine/methods; Precision Medicine/standards,Open Access,gold,,https://iv.iiarjournals.org/content/invivo/33/5/1547.full.pdf
26048151,Fellowship training and board certification in reproductive endocrinology and infertility.,"Reproductive endocrinology and infertility (REI) is one of the original officially recognized subspecialties in obstetrics and gynecology and among the earlier subspecialties in medicine. Recognized by the American Board of Obstetrics and Gynecology in 1972, fellowship programs are now 3 years in length following an obstetrics and gynecology residency. Originally focused on endocrine problems related to reproductive function, the assisted reproductive technologies (ART) have recently become the larger part of training during REI fellowships. It is likely that the subspecialty of REI strengthens the specialty of obstetrics and gynecology and enhances the educational experience of residents in the field. The value of training and certification in REI is most evident in the remarkable and consistent improvement in the success of ART procedures, particularly in vitro fertilization. The requirement for documented research activity during REI fellowships is likely to stimulate a more rapid adoption (translation) of newer research findings into clinical care after training. Although mandatory reporting of outcomes has been proposed as a reason for this improvement the rapid translation of reproductive research into clinical practice is likely to be a major cause. Looking forward, REI training should emphasize and strengthen education and research into the endocrine, environmental, and genetic aspects of female and male reproduction to improve the reproductive health and fertility of all women.",Fertility and sterility,2015 Jul,2015,July,,Joseph C Gambone; James H Segars; Marcelle Cedars; William D Schlaff,REI; certification; endocrinology; infertility; subspecialty; training,10.1016/j.fertnstert.2015.04.039,https://doi.org/10.1016/j.fertnstert.2015.04.039,,104,1,eng,United States,Journal Article; Review,Endocrinology/education; Endocrinology/standards; Female; Gynecology/education; Gynecology/standards; Humans; Infertility/diagnosis; Infertility/therapy; Internship and Residency/standards; Male; Obstetrics/education; Obstetrics/standards; Pregnancy; Reproductive Medicine/education; Reproductive Medicine/standards; Specialty Boards/standards,Open Access,hybrid,other-oa,https://doi.org/10.1016/j.fertnstert.2015.04.039
38553369,The Parental Leave Paradox in Obstetrics and Gynecology.,"Medical school, residency, and fellowship occur during peak reproductive years for most trainees. This poses certain challenges for medical trainees as they approach family-building decisions. While the demands of residency have been well-elucidated, attempts at mitigating these demands alongside parenthood have long been neglected across various specialties. These challenges are perhaps most pronounced in Obstetrics and Gynecology residency programs, which are made-up of an 85% female-identifying workforce and whose training focuses on prenatal and postpartum health. Recent literature suggests an improvement in attitudes and policies towards parental leave during medical graduate education, however, there remains a lack of uniformity across specialties and programs. Through a recently developed Parental Leave Task Force made up of Obstetrics and Gynecology Trainees, we sought to conduct a review of the literature examining parental leave policies and their implications across various specialties as a call for uniform parental leave policies for all residents.",Journal of surgical education,2024 May,2024,May,,Steph Schatzman-Bone; Allen A Ghareeb; Megan R Sax; Tesia G Kim,Obstetrics; gynecology; maternal leave; parental leave; paternal leave; postpartum; residency,10.1016/j.jsurg.2024.02.007,https://doi.org/10.1016/j.jsurg.2024.02.007,,81,5,eng,United States,Journal Article; Review,"Female; Humans; Pregnancy; Education, Medical, Graduate; Gynecology/education; Internship and Residency; Obstetrics/education; Parental Leave; United States",Closed Access,closed,,
33348415,Simulation-Based Ultrasound Training in Obstetrics and Gynecology: A Systematic Review and Meta-Analysis.,"OBJECTIVE: The purpose of this systematic review and meta-analysis was to examine the effects of simulation-based ultrasound training (SIM-UT) in obstetrics and gynecology compared to non-SIM-UT on trainee learning, clinical performance, patient-relevant outcomes, and cost of training. METHODS: A systematic search was performed in June 2019 in PubMed, Embase, and Scopus using search terms for the topic and the intervention as well as certain MESH terms. Inclusion criteria were defined in accordance with the PICO question. Studies published in any language involving SIM-UT in obstetrics and gynecology compared to non-SIM-UT or no training were included. The outcomes included effects on health care provider learning and clinical performance, patient-relevant outcomes, and cost of training. Two authors evaluated the study quality with the MERSQI instrument and the Oxford Quality Scoring System. A meta-analysis was planned for the included randomized controlled trials. RESULTS: 15 studies were included, and 11 studies were eligible for meta-analysis. SIM-UT was significantly superior to clinical training only and theoretical teaching with standard mean differences (SMD) of 0.84 (0.08-1.61) and 1.20 (0.37-2.04), respectively. However, SIM-UT was not superior to live model training; SMD of 0.65 (-3.25-4.55). Of all studies included in the meta-analysis, 91 % favored SIM-UT over clinical training alone, theoretical teaching, or in some cases live model training. CONCLUSION: In the field of obstetrics and gynecology, SIM-UT in addition to clinical training markedly improves trainee learning, clinical performance, as well as patient-perceived quality of care.","Ultraschall in der Medizin (Stuttgart, Germany : 1980)",2021 Dec,2021,December,,Caroline Taksøe-Vester; Liv Dyre; Jeppe Schroll; Ann Tabor; Martin Tolsgaard,,10.1055/a-1300-1680,https://doi.org/10.1055/a-1300-1680,,42,6,eng,Germany,Journal Article; Meta-Analysis; Systematic Review,Female; Gynecology/education; Humans; Obstetrics/education; Pregnancy; Simulation Training; Ultrasonography,Closed Access,closed,,
35924355,Enhancing interprofessional collaboration and interprofessional education in women's health.,"This article is from the 'To The Point' series from the Association of Professors of Gynecology and Obstetrics Undergraduate Medical Education Committee. The purpose of this review is to provide an understanding of the differing yet complementary nature of interprofessional collaboration and interprofessional education as well as their importance to the specialty of Obstetrics and Gynecology. We provide a historical perspective of how interprofessional collaboration and interprofessional education have become key aspects of clinical and educational programs, enhancing both patient care and learner development. Opportunities to incorporate interprofessional education within women's health educational programs across organizations are suggested. This is a resource for medical educators, learners, and practicing clinicians from any field of medicine or any health-care profession.",Medical education online,2022 Dec,2022,December,,Laura Baecher-Lind; Angela C Fleming; Rashmi Bhargava; Susan M Cox; Elise N Everett; David A Forstein; Shireen Madani Sims; Helen K Morgan; Christopher M Morosky; Celeste S Royce; Tammy S Sonn; Jill M Sutton; Scott C Graziano,Accreditation; clinical competence; communication skills; competency-based education; curriculum development; health-care professionals; interdisciplinary; medical education,10.1080/10872981.2022.2107419,https://doi.org/10.1080/10872981.2022.2107419,https://www.ncbi.nlm.nih.gov/pmc/articles/PMC9359162/,27,1,eng,United States,Journal Article; Review,Curriculum; Female; Gynecology/education; Humans; Interprofessional Education; Interprofessional Relations; Obstetrics/education; Pregnancy; Women's Health,Open Access,gold,cc-by,https://www.tandfonline.com/doi/pdf/10.1080/10872981.2022.2107419?needAccess=true
26333632,A History of the Hospitalist Movement.,"Hospitalists work in 90% of US hospitals with over 200 beds. With over 48,000 practicing hospitalists nationwide, the field of hospital medicine has grown rapidly in its 20 years of existence. Obstetrics and gynecology (OBGYN) hospitalists are uncovering similar drivers for their growth. Obstetricians cannot be in both the hospital and the office at the same time, they face an increased acuity of hospitalized patients demanding a full time presence, and hospitals are searching for physicians aligned with their goals. OBGYN hospitalists are at a similar point today at which hospital medicine was in the late 1990s.",Obstetrics and gynecology clinics of North America,2015 Sep,2015,September,,Jordan Messler; Winthrop F Whitcomb,History of hospitalists; Hospital medicine; Hospital-focused specialties; Hospitalists; Laborists; Patient safety,10.1016/j.ogc.2015.05.002,https://doi.org/10.1016/j.ogc.2015.05.002,,42,3,eng,United States,Historical Article; Journal Article; Review,"Clinical Competence; Continuity of Patient Care; Female; Gynecology/history; Gynecology/trends; History, 20th Century; History, 21st Century; Hospitalists/organization & administration; Hospitalists/trends; Humans; Obstetrics/history; Obstetrics/trends; Organizational Policy; Patient Safety; Pregnancy; Professional Role/history; Quality of Health Care/history; Quality of Health Care/trends; United States",Closed Access,closed,,
36882975,Decolonizing nursing education and research to address racial disparities in maternal health.,"PURPOSE: In this paper, we discuss the need to move beyond theoretical explorations of social determinants of health (SDoH) to addressing systemic racism and its effect on Black maternal health outcomes. We also address the importance of connecting nursing research, education and practice and offer suggestions on how to transform the teaching, research and clinical practice specific to Black maternal health. KNOWLEDGE DEVELOPMENT: A critical analysis of current Black maternal health teaching and research practices in nursing informed by the authors' experience in Black/African diasporic maternal health and reproductive justice. DISCUSSION: There is a need for nursing to be more intentional in addressing the effects of systemic racism on Black maternal health outcomes. In particular, there is still a substantial focus on race rather than racism as a risk factor. The focus on racial and cultural differences rather than systems of oppression continues to pathologize racialized groups while failing to address the impact of systemic racism on the health outcomes of Black women. CONCLUSION: Using a social determinant of health framework to examine maternal health disparities is useful; however, focusing on SDoH without challenging systems of oppression producing these disparities does not produce substantial changes. We suggest adding frameworks grounded in intersectionality, reproductive and racial justice and moving beyond biological assumptions about race that pathologize Black women. We also recommend a deliberate commitment to reshaping nursing research and education to centre anti-racist and anti-colonial practices that value community knowledge and practices. NO PATIENT OR PUBLIC CONTRIBUTION: The discussion in this paper is based on the author's expertise.",Journal of advanced nursing,2023 Jul,2023,July,,Favorite Iradukunda; Lucinda Canty,black maternal health; racial disparities; social determinants of health,10.1111/jan.15624,https://doi.org/10.1111/jan.15624,,79,7,eng,England,Journal Article; Review,"Female; Humans; Black or African American; Education, Nursing; Maternal Health; Racism; Social Determinants of Health; Reproductive Health; Social Justice",Closed Access,closed,,
33035242,"Social accountability for reproductive, maternal, newborn, child and adolescent health: A review of reviews.","Globally, increasing efforts have been made to hold duty-bearers to account for their commitments to improve reproductive, maternal, newborn, child and adolescent health (RMNCAH) over the past two decades, including via social accountability approaches: citizen-led, collective processes for holding duty-bearers to account. There have been many individual studies and several reviews of social accountability approaches but the implications of their findings to inform future accountability efforts are not clear. We addressed this gap by conducting a review of reviews in order to summarise the current evidence on social accountability for RMNCAH, identify factors contributing to intermediary outcomes and health impacts, and identify future research and implementation priorities. The review was registered with the International Prospective Register of Systematic Reviews (PROSPERO CRD42019134340). We searched eight databases and systematic review repositories and sought expert recommendations for published and unpublished reviews, with no date or language restrictions. Six reviews were analysed using narrative synthesis: four on accountability or social accountability approaches for RMNCAH, and two specifically examining perinatal mortality audits, from which we extracted information relating to community involvement in audits. Our findings confirmed that there is extensive and growing evidence for social accountability approaches, particularly community monitoring interventions. Few documented social accountability approaches to RMNCAH achieve transformational change by going beyond information-gathering and awareness-raising, and attention to marginalised and vulnerable groups, including adolescents, has not been well documented. Drawing generalisable conclusions about results was difficult, due to inconsistent nomenclature and gaps in reporting, particularly regarding objectives, contexts, and health impacts. Promising approaches for successful social accountability initiatives include careful tailoring to the social and political context, strategic planning, and multi-sectoral/multi-stakeholder approaches. Future primary research could advance the evidence by describing interventions and their results in detail and in their contexts, focusing on factors and processes affecting acceptability, adoption, and effectiveness.",PloS one,2020,2020,,,Frances Squires; Adriane Martin Hilber; Joanna Paula Cordero; Victoria Boydell; Anayda Portela; Miriam Lewis Sabin; Petrus Steyn,,10.1371/journal.pone.0238776,https://doi.org/10.1371/journal.pone.0238776,https://www.ncbi.nlm.nih.gov/pmc/articles/PMC7546481/,15,10,eng,United States,"Journal Article; Research Support, Non-U.S. Gov't; Systematic Review","Adolescent; Adolescent Health; Child; Child Health; Community Participation; Female; Health; Humans; Infant Health; Infant, Newborn; Male; Maternal Health; Needs Assessment; Perinatal Mortality; Pregnancy; Reproductive Health; Social Responsibility",Open Access,gold,cc-by,https://journals.plos.org/plosone/article/file?id=10.1371/journal.pone.0238776&type=printable
39098778,Obstetrics and Gynecology Hospitalists as Champions of Drills and Simulation.,"Obstetrics and gynecology Hospitalists are not only skilled providers of emergency obstetric and gynecologic care but also safety officers who advocate for and maintain safety and quality in the hospital setting. In these areas and others, they play an essential role in championing and establishing simulation-based education in the hospital setting. The use of Simulations and Drills in maintaining quality and safety in patient care is nationally recognized by leading obstetric and gynecologic organizations.",Obstetrics and gynecology clinics of North America,2024 Sep,2024,September,,Lisbeth M McKinnon; Eileen M Reardon,Ob/gyn hospitalist; Obstetric and gynecologic simulation; Quality improvement; Simulation-based education,10.1016/j.ogc.2024.05.006,https://doi.org/10.1016/j.ogc.2024.05.006,,51,3,eng,United States,Journal Article; Review,Humans; Hospitalists/education; Obstetrics/education; Female; Gynecology/education; Simulation Training/methods; Pregnancy; Clinical Competence; Patient Safety,Closed Access,closed,,
31821921,Staffing needs for unscheduled activity in obstetrics and gynecology.,"INTRODUCTION: To determine a minimum threshold of medical staffing needs (obstetricians-gynecologists, anesthesiologists-resuscitation specialists, nurse-anesthetists, pediatricians, and midwives) to ensure the safety and quality of care for unscheduled obstetrics-gynecology activity. MATERIALS AND METHODS: Face to face meetings of French healthcare professionals involved in perinatal care in different types of practices (academic hospital, community hospital or private practice) who belong to French perinatal societies: French National College of Gynecologists-Obstetricians (CNGOF), the French Society of Anesthesia and Resuscitation Specialists (SFAR), the French Society of Neonatology (SFN), the French Society of Perinatal Medicine (SFMP), the National College of French Midwives (CNSF), and the French Federation of Perinatal Care Networks (FFRSP). RESULTS: Different minimum thresholds for each category of care provider were proposed according to the number of births/year in the facility. These minimum thresholds can be modulated upwards as a function of the level of care (Level 1, 2 or 3 for perinatal centers), existence of an emergency department, and responsibilities as a referral center for maternal-fetal and/or surgical care. For example, an obstetrics-gynecology department handling 3000-4500 births per year without serving as a referral center must have an obstetrician-gynecologist, an anesthesiologist-resuscitation specialist, a nurse-anesthetist, and a pediatrician onsite specifically to provide care for unscheduled obstetrics-gynecology needs and a second obstetrician-gynecologist available within a time compatible with security requirements 24/7; the number of midwives always present (24/7) onsite and dedicated to unscheduled care is 5.1 for 3000 births and 7.2 for 4500 births. A maternity unit's occupancy rate must not exceed 85 %. CONCLUSION: The minimum thresholds proposed here are intended to improve the safety and quality of care of women who require unscheduled care in obstetrics-gynecology or during the perinatal period.","European journal of obstetrics, gynecology, and reproductive biology",2020 Feb,2020,February,,Loïc Sentilhes; Fabienne Galley-Raulin; Claire Boithias; Michel Sfez; François Goffinet; Sylvie Le Roux; Dan Benhamou; Jean-Michel Garnier; Sabine Paysant; Stéphane Bounan; Christine Michel; Jean Coudray; Jean-Christophe Rozé; Benoit Elleboode; Anne-Sophie Ducloy-Bouthors,Anesthesiology-resuscitation; Midwives; Neonatal and maternal mortality and morbidity; Neonatology; Obstetrics-gynecology; Quality and safety of care; Thresholds,10.1016/j.ejogrb.2019.11.020,https://doi.org/10.1016/j.ejogrb.2019.11.020,,245,,eng,Ireland,Journal Article; Review,Delivery of Health Care/standards; Delivery of Health Care/statistics & numerical data; Emergency Medical Services/standards; Emergency Medical Services/supply & distribution; Female; France; Gynecology/methods; Gynecology/standards; Health Workforce/statistics & numerical data; Humans; Midwifery/methods; Midwifery/standards; Obstetrics/methods; Obstetrics/standards; Personnel Staffing and Scheduling/standards; Personnel Staffing and Scheduling/statistics & numerical data; Pregnancy; Quality Improvement,Open Access,hybrid,other-oa,http://www.ejog.org/article/S0301211519305354/pdf
20661038,Simulation and team training.,"The use of simulation-based methods for clinical and team training provides an opportunity for health care professionals to develop and maintain the skills required to effectively manage patient care. This is especially true for those rare events when emergency interventions require urgent, accurate, and cohesive team functioning. We present a framework for considering simulation-based training, examine contextual factors and the outcomes of research conducted to date in this area, and provide suggestions for selecting simulation-based approaches for developing obstetrics and gynecology teams in multiple contexts.",Clinical obstetrics and gynecology,2010 Sep,2010,September,,Pamela B Andreatta; Alexandra S Bullough; David Marzano,,10.1097/GRF.0b013e3181ec1a48,https://doi.org/10.1097/GRF.0b013e3181ec1a48,,53,3,eng,United States,Journal Article; Review,Clinical Competence; Computer Simulation; Curriculum; Gynecology/education; Humans; Inservice Training; Manikins; Medical Errors/prevention & control; Obstetrics/education; Patient Care Team; Patient Simulation; Teaching/methods,Closed Access,closed,,
31056132,Emerging Role of Drills and Simulations in Patient Safety.,"Ensuring patient safety and optimizing outcomes in obstetrics and gynecology through improving technical skills, enhancing team performance, and decreasing medical errors has resulted in significant interest in incorporating drills and simulation into medical training, continuing education, and multidisciplinary team practice. Drills and simulations are ideal because of their wide range of application with various learners and settings. They provide a safe space to learn and maintain technical skills and to improve knowledge, confidence, communication, and teamwork behaviors, particularly for less common, high-stakes clinical scenarios.",Obstetrics and gynecology clinics of North America,2019 Jun,2019,June,,Jean-Ju Sheen; Dena Goffman,Drills and simulations in gynecology; Drills and simulations in obstetrics; Drills and simulations in patient safety in gynecology; Drills and simulations in patient safety in obstetrics,10.1016/j.ogc.2019.01.009,https://doi.org/10.1016/j.ogc.2019.01.009,,46,2,eng,United States,Journal Article; Review,"Animals; Clinical Competence/standards; Education, Medical, Continuing/methods; Female; Gynecology/education; Humans; Medical Errors/prevention & control; Obstetrics/education; Patient Safety; Pregnancy; Simulation Training",Closed Access,closed,,
34952793,Start here- principles of effective undergraduate training.,"Obstetric and gynaecology undergraduate training is an intense time for learners as they encounter various health conditions related to women's health and also learn about pregnancy care and birth. The experience is directed to familiarise students with basic clinical management of gynaecological conditions, also develop communication and related core examination and procedural skills. Similarly, midwifery training encompasses independent care of low-risk pregnant women and assist in care of high-risk pregnancy in partnership with obstetricians. Although its necessary to acquaint most learners with core clinical skills in obstetrics and gynaecology, learning opportunities on patients can be limited, due to the intrusive nature of women's health examination. Simulation Based Education (SBE) can facilitate learning hands-on clinical examination and procedural skills, using realistic part-task and high-fidelity simulators prior to approaching patients. This can apply to both medical and midwifery undergraduate training, further creating opportunities for professional interaction and shared learning space to facilitate interprofessional education. IPE has been shown to improve professional relationships in practicing clinicians. This learning pedagogy can be applied in the undergraduate setting as well, to decrease risk of conflict and appreciate roles of other interprofessional staff in future clinical practice. In this chapter we highlight some challenges faced by medical and midwifery undergraduates in their learning from a global perspective. We also describe some teaching and learning initiatives that can be applicable across various settings of obstetrics, gynaecology medical undergraduate and midwifery teaching with relevant case studies to facilitate new graduates preparedness for practice.",Best practice & research. Clinical obstetrics & gynaecology,2022 Apr,2022,April,,Arunaz Kumar; Charles Ameh,Interprofessional education; Midwifery; Obstetric; Skilled health personnel; undergraduate,10.1016/j.bpobgyn.2021.11.010,https://doi.org/10.1016/j.bpobgyn.2021.11.010,,80,,eng,Netherlands,Journal Article; Review,Clinical Competence; Female; Gynecology/education; Humans; Midwifery; Obstetrics/education; Pregnancy; Students,Closed Access,closed,,
31051299,Clinical practice guidelines for contraception by the French National College of Gynecologists and Obstetricians (CNGOF).,"The French College of Obstetrics and Gynecology (CNGOF) has released its first comprehensive recommendations for clinical practices in contraception, to provide physicians with an updated synthesis of the available data as a basis for their practice. The organizing committee and the working group adopted the objective methodological principles defined by the French Authority for Health (HAS) and selected 12 themes relevant to medical professionals' clinical practices concerning contraception. The available literature was screened through December 2017 and served as the basis of 12 texts, reviewed by experts and physicians from public and private practices, with experience in this field. These texts enabled us to develop evidence based, graded recommendations. Male and female sterilization, as well as the use of hormonal treatments not authorized for contraception (""off-label"") were excluded from the scope of our review. Specific practical recommendations are provided for the management of contraception prescription, patient information concerning effectiveness, risks, and benefits of the different methods, patient follow-up, intrauterine contraception, emergency contraception, local and natural methods, contraception in teenagers, in women after 40, for women at high thromboembolism or cardiovascular risk, and for those at of primary cancer or relapse. The short- and mid-term future of contraception depends mainly on improving the use of currently available methods. This includes reinforced information for users and increased access to contraception for women, regardless of their social and clinical contexts. The objective of these guidelines is to aid in enabling this improvement.",Journal of gynecology obstetrics and human reproduction,2019 Sep,2019,September,,Nathalie Chabbert-Buffet; Henri Marret; Aubert Agostini; Chloé Cardinale; Naïma Hamdaoui; Danielle Hassoun; Annie Pierre Jonville-Bera; Marie Lambert; Teddy Linet; Catherine Pienkowski; Geneviève Plu-Bureau; David Pragout; Geoffroy Robin; Christine Rousset Jablonski; Michèle Schefler; Fabien Vidal; Solène Vigoureux; Bernard Hédon,Cancer; Contraception; IUD; Information; Teenager; Vascular risk,10.1016/j.jogoh.2019.04.009,https://doi.org/10.1016/j.jogoh.2019.04.009,,48,7,eng,France,Journal Article; Practice Guideline; Review,"Adolescent; Contraception/methods; Contraception/standards; Contraception, Postcoital/methods; Contraception, Postcoital/standards; Female; France; Gynecology/methods; Gynecology/standards; Humans; Intrauterine Devices/standards; Male; Obstetrics/methods; Obstetrics/standards; Pregnancy; Societies, Medical/organization & administration; Societies, Medical/standards",Open Access,hybrid,other-oa,https://www.sciencedirect.com/science/article/am/pii/S2468784719302491?via%3Dihub
35878405,Telehealth Strategies for the Delivery of Maternal Health Care : A Rapid Review.,"BACKGROUND: Telehealth strategies to supplement or replace in-person maternity care may affect maternal health outcomes. PURPOSE: To conduct a rapid review of the effectiveness and harms of telehealth strategies for maternal health care given the recent expansion of telehealth arising from the COVID-19 pandemic, and to produce an evidence map. DATA SOURCES: Systematic searches of MEDLINE, the Cochrane Library, CINAHL, Embase, and Scopus for English-language studies (January 2015 to April 2022). STUDY SELECTION: Randomized controlled trials (RCTs) and observational studies of maternal care telehealth strategies versus usual care. DATA EXTRACTION: Dual data extraction and risk-of-bias assessment of studies, with disagreements resolved through consensus. DATA SYNTHESIS: 28 RCTs and 14 observational studies (n = 44 894) were included. Maternal telehealth interventions supplemented in-person care for most studies of mental health and diabetes during pregnancy, primarily resulting in similar, and sometimes better, clinical and patient-reported outcomes versus usual care. Supplementing in-person mental health care with phone- or web-based platforms or mobile applications resulted in similar or better mental health outcomes versus in-person care. A reduced-visit prenatal care schedule using telehealth to replace in-person general maternity care for low-risk pregnancies resulted in similar clinical outcomes and higher patient satisfaction versus usual care. Overall, telehealth strategies were heterogeneous and resulted in similar obstetric and patient satisfaction outcomes. Few studies addressed disparities, health equity, or harms. LIMITATIONS: Interventions varied, and evidence was inadequate for some clinical outcomes. CONCLUSION: Replacing or supplementing in-person maternal care with telehealth generally results in similar, and sometimes better, clinical outcomes and patient satisfaction compared with in-person care. The effect on access to care, health equity, and harms is unclear. PRIMARY FUNDING SOURCE: Patient-Centered Outcomes Research Institute. (PROSPERO: CRD42021276347).",Annals of internal medicine,2022 Sep,2022,September,,Amy G Cantor; Rebecca M Jungbauer; Annette M Totten; Ellen L Tilden; Rebecca Holmes; Azrah Ahmed; Jesse Wagner; Amy C Hermesch; Marian S McDonagh,,10.7326/M22-0737,https://doi.org/10.7326/M22-0737,,175,9,eng,United States,"Journal Article; Review; Research Support, Non-U.S. Gov't",COVID-19/epidemiology; Female; Humans; Maternal Health; Obstetrics; Pregnancy; Prenatal Care/methods; Telemedicine/methods,Closed Access,closed,,
30421184,[Hallmarks in obstetrics and gynecology].,,MMW Fortschritte der Medizin,2018 Nov,2018,November,,Sven Mahner,HPV vaccination; breast and gynecologic cancer; vaginal delivery,10.1007/s15006-018-1135-3,https://doi.org/10.1007/s15006-018-1135-3,,160,Suppl 3,ger,Germany,Journal Article; Review,Female; Gynecology/trends; Humans; Obstetrics/trends; Pregnancy,Closed Access,closed,,
34651559,The impact of Covid-19 on simulation-based learning of gynecology and obstetrics skills.,"Simulation-based learning can be defined as a modern learning and training method. The pan-European curriculum for training in obstetrics and gynecology PACT (Project for Achieving Consensus in Training) incorporates medical simulation and recommends its urgent implementation in the national residency programs of individual countries. The current Covid-19 pandemic presents challenges to the medical community. During the first wave of the pandemic, Italy was the most severely affected EU country, whereas during the second wave Slovenia was among those most affected. The severe limitations of the lockdown and post-lockdown led to significant changes in all healthcare organizations and, consequently, also training activities in obstetrics and gynecology. Limitations on training during the Covid-19 pandemic may have severely impacted the opportunity to learn basic clinical and surgical skills. A potential strategy for overcoming these limitations was offered by simulation activities, which allowed trainees to receive basic training in our discipline and prevented an additional ""lockdown"" of their learning and development of skills. This type of simulation training will be of paramount importance, considering the paradigm shift caused by the Covid-19 pandemic in lifestyle and healthcare activities.Abbreviations: ACOG: American college of obstetricians and gynecologists; EBCOG: European board and college of obstetrics and gynaecology; ICU: intensive care unit; OR: operating room; PACT: project for achieving consensus in training; PUI: patient under investigation.",Minimally invasive therapy & allied technologies : MITAT : official journal of the Society for Minimally Invasive Therapy,2022 Jun,2022,June,,David Lukanović; Antonio Simone Laganà,Covid-19; Simulation-based learning; gynecology; obstetrics; skills,10.1080/13645706.2021.1987923,https://doi.org/10.1080/13645706.2021.1987923,,31,5,eng,England,Journal Article; Review,COVID-19; Communicable Disease Control; Curriculum; Female; Gynecology/education; Humans; Internship and Residency; Obstetrics/education; Pandemics; Pregnancy,Closed Access,closed,,
10024155,Obstetrics and gynecology.,,Journal of the American College of Surgeons,1999 Feb,1999,February,,T G Stovall,,10.1016/s1072-7515(98)00307-x,https://doi.org/10.1016/s1072-7515(98)00307-x,,188,2,eng,United States,Journal Article; Review,Animals; Cesarean Section; Complementary Therapies; Gynecologic Surgical Procedures/trends; Gynecology/education; Gynecology/trends; Humans; Laparoscopy; Obstetric Surgical Procedures/trends; Obstetrics/education; Obstetrics/trends; United States,Closed Access,closed,,
29852154,To the point: gender differences in the obstetrics and gynecology clerkship.,"Gender differences in performance on the obstetrics and gynecology clerkship have been reported, with female students outperforming male students. Male students report that their gender negatively affects their experience during the clerkship. Additionally, there are fewer male students applying for obstetric/gynecology residency. This ""To The Point"" article by the Association of Professors of Gynecology and Obstetrics Undergraduate Medical Education Committee will describe the gender differences that have been found, examine factors that could be contributing to these issues, and propose measures to correct these disparities.",American journal of obstetrics and gynecology,2018 Nov,2018,November,,LaTasha B Craig; Samantha D Buery-Joyner; Susan Bliss; Elise N Everett; David A Forstein; Scott C Graziano; Brittany S Hampton; Margaret L McKenzie; Helen Morgan; Sarah M Page-Ramsey; Archana Pradhan; Laura Hopkins,clerkship; female; gender; male; medical student; obstetrics and gynecology,10.1016/j.ajog.2018.05.020,https://doi.org/10.1016/j.ajog.2018.05.020,,219,5,eng,United States,Journal Article; Review,"Career Choice; Clinical Clerkship/methods; Clinical Clerkship/statistics & numerical data; Education, Medical, Undergraduate; Educational Measurement; Employee Performance Appraisal; Female; Gynecology/education; Humans; Male; Obstetrics/education; Program Evaluation; Sex Factors; Sexism; Students, Medical; Surveys and Questionnaires",Open Access,bronze,,http://www.ajog.org/article/S0002937818304307/pdf
11176228,Mammography.,"Breast cancer is the most common female malignancy in the USA and second only to lung malignancy in cancer mortality. The only screening modality that effectively detects early breast cancer and decreases mortality is mammography. Because many females turn to obstetrician gynecologists for breast cancer screening, an understanding of the benefits and limitations of mammography and the breast imaging reporting and data system is imperative. Mammography remains the most cost effective and sensitive tool for early detection.",Current opinion in obstetrics & gynecology,2001 Feb,2001,February,,J J Bomalaski; M Tabano; L Hooper; J Fiorica,,10.1097/00001703-200102000-00003,https://doi.org/10.1097/00001703-200102000-00003,,13,1,eng,England,Journal Article; Review,Breast Neoplasms/prevention & control; Female; Gynecology; Humans; Mammography; Obstetrics,Closed Access,closed,,
33038302,To the Point: advising students applying to Obstetrics and Gynecology residency in 2020 and beyond.,"This article, from the ""To the Point"" series by the Undergraduate Medical Education Committee of the Association of Professors of Gynecology and Obstetrics, is a guide for advising medical students applying to Obstetrics and Gynecology residency programs. The residency application process is changing rapidly in response to an increasingly complex and competitive atmosphere, with a wider recognition of the stress, expense, and difficulty of matching into graduate training programs. The coronavirus disease 2019 pandemic and societal upheaval make this application cycle more challenging than ever before. Medical students need reliable, accurate, and honest advising from the faculty in their field of choice to apply successfully to residency. The authors outline a model for faculty career advisors, distinct from mentors or general academic advisors. The faculty career advisor has detailed knowledge about the field, an in-depth understanding of the application process, and what constitutes a strong application. The faculty career advisor provides accurate information regarding residency programs within the specialty, helping students to strategically apply to programs where the student is likely to match, decreasing anxiety, expense, and overapplication. Faculty career advisor teams advise students throughout the application process with periodic review of student portfolios and are available for support and advice throughout the process. The authors provide a guide for the faculty career advisor in Obstetrics and Gynecology, including faculty development and quality improvement.",American journal of obstetrics and gynecology,2021 Feb,2021,February,,Celeste S Royce; Elise N Everett; LaTasha B Craig; Angela Fleming; David A Forstein; Scott C Graziano; B Star Hampton; Laura Hopkins; Margaret L McKenzie; Helen K Morgan; Shireen Madani Sims; Christopher Morosky,Obstetrics and Gynecology residency; advising; faculty career advisors; medical students; undergraduate medical education,10.1016/j.ajog.2020.10.006,https://doi.org/10.1016/j.ajog.2020.10.006,https://www.ncbi.nlm.nih.gov/pmc/articles/PMC7539929/,224,2,eng,United States,Journal Article; Review,"Career Choice; Education, Medical, Undergraduate/methods; Faculty, Medical; Gynecology/education; Humans; Internship and Residency; Mentoring; Obstetrics/education; Professional Role; School Admission Criteria; Students, Medical/psychology; United States",Open Access,bronze,,http://www.ajog.org/article/S0002937820311789/pdf
29273337,Randomized Trial of Smartphone-Based Evaluation for an Obstetrics and Gynecology Clerkship.,"OBJECTIVE: We hypothesized that compared to paper evaluations, a smartphone-based quick response (QR) evaluation tool would improve timeliness of feedback, enhance efficacy of giving and receiving feedback, and be as easy to use. DESIGN: We performed a randomized controlled trial of student and instructor experience with two evaluation tools in the OB/GYN clerkship at University of Washington School of Medicine (UWSOM). Sites were randomized to the QR or paper tool; students at QR sites received individualized QR codes at the beginning of the clerkship. Instructors and students completed postintervention surveys regarding the evaluation tool and associated feedback. We compared responses between groups using chi-squared tests. SETTING: Participating clerkship sites included primary, tertiary, private practice and institutional settings affiliated with the University of Washington in the Washington, Wyoming, Alaska, Montana and Idaho region. PARTICIPANTS: Of the 29 OB/GYN UWSOM clerkship sites, 18 agreed to participate and were randomized. Of 29 eligible instructors, 25 (86%) completed the survey, with n = 18 using QR and n = 7 using paper. Of 161 eligible students, 102 (63%) completed the survey, with n = 54 using QR and n = 48 using paper. RESULTS: Compared to those using paper evaluations, instructors using QR evaluations were significantly more likely to agree that the evaluation tool was easy to understand (100% QR vs 43% paper, p = 0.002), the tool was effective in providing feedback (78% QR vs 29% paper, p = 0.002), and they felt comfortable approaching students with the tool (89% QR vs 43% paper, p = 0.002). Compared to those using paper evaluations, students using QR evaluations were less likely to agree the tool was effective in eliciting feedback (QR 43% vs paper 55%, p = 0.042). CONCLUSION: Instructors found QR evaluations superior to paper evaluations for providing feedback to medical students, whereas students found QR evaluations less effective for feedback.",Journal of surgical education,2018,2018,,,Nasim C Sobhani; Emily E Fay; Melissa A Schiff; Alyssa Stephenson-Famy; Katherine E Debiec,Interpersonal and Communication Skills; Medical Knowledge; Patient Care; Practice-Based Learning and Improvement; evaluation; feedback; medical education; smartphone technology,10.1016/j.jsurg.2017.11.009,https://doi.org/10.1016/j.jsurg.2017.11.009,,75,4,eng,United States,"Journal Article; Randomized Controlled Trial; Research Support, N.I.H., Extramural; Research Support, Non-U.S. Gov't",Adult; Clinical Clerkship; Efficiency; Female; Formative Feedback; Gynecology/education; Humans; Male; Obstetrics/education; Smartphone; Time Factors; Washington,Closed Access,closed,,
38801933,Changes and challenges in the residency application process in obstetrics and gynecology.,"Faculty career advisors who guide applicants applying to obstetrics and gynecology residency programs need updated information and resources, given the constant changes and challenges to the residency application process. Initial changes included standardization of the application timeline and interview processes. More recent changes included the utilization of a standardized letter of evaluation, initiation of program signaling, second look visit guidelines, and updated sections in the Electronic Residency Application Service. Challenges in advising include the unmatched applicant and the applicant who is couples matching in the era of program signaling. Additional considerations include applying with the current status of reproductive health law restrictions and preparing for a new residency application platform. The Undergraduate Medical Education Committee of the Association of Professors of Gynecology and Obstetrics provides this updated guide of the prior 2021 resource for advisors to increase confidence in advising students, boost professional fulfillment with advising activities, and aid in satisfaction with advising resources. This guide covers the continuing challenges and future opportunities in the resident application process.",American journal of obstetrics and gynecology,2024 Nov,2024,November,,Katherine T Chen; Celeste S Royce; Laura Baecher-Lind; Rashmi Bhargava; Angela Fleming; Helen Kang Morgan; Christopher M Morosky; Jonathan A Schaffir; Shireen Madani Sims; Tammy Sonn; Jill M Sutton; Alyssa Stephenson-Famy,away rotations; obstetrics and gynecology residency; program signaling; residency application platform; residency application process; residency program application; standardized letter of evaluation; undergraduate medical education career advising; virtual interviews,10.1016/j.ajog.2024.05.045,https://doi.org/10.1016/j.ajog.2024.05.045,,231,5,eng,United States,Journal Article; Review,Obstetrics/education; Gynecology/education; Internship and Residency; Humans; Personnel Selection,Closed Access,closed,,
33093424,Travel Medicine: Clinical Updates in Women's Health Care Primary and Preventive Care Review.,"Travel is an increasingly common aspect of modern life, and the practicing obstetrician-gynecologist needs a good understanding of the health- and safety-related issues it presents for patients. This monograph examines the environmental data that support individual risk assessment and provides guidance on how to eliminate or mitigate those risks, including recommendations for immunization and chemoprophylaxis for women traveling to areas with endemic infectious disease. Management approaches for travel-related diseases, such as traveler's diarrhea, altitude sickness, and location-specific diseases, are reviewed as are special considerations for pregnant and breastfeeding women and women who are attempting pregnancy. Evaluation and management of the returned traveler also is addressed. The recommendations in this document cite resources available from the United States federal government; therefore, they are applicable to women seeking care in the United States.",Obstetrics and gynecology,2020 Nov,2020,November,,Alan J Rosenbaum; Jeffrey S A Stringer,,10.1097/AOG.0000000000004136,https://doi.org/10.1097/AOG.0000000000004136,,136,5,eng,United States,Journal Article; Review,Adult; Female; Gynecology/methods; Humans; Obstetrics/methods; Pregnancy; Preventive Medicine/methods; Primary Health Care/methods; Travel; Travel Medicine/methods; Travel-Related Illness; United States; Women's Health,Closed Access,closed,,
25857571,To the point: teaching the obstetrics and gynecology medical student in the operating room.,"This article, from the ""To the Point"" series that is prepared by the Association of Professors of Gynecology and Obstetrics Undergraduate Medical Education Committee, is a review of considerations for teaching the medical student in the operating room during the obstetrics/gynecology clerkship. The importance of the medical student operating room experience and barriers to learning in the operating room are discussed. Specific considerations for the improvement of medical student learning and operating room experience, which include the development of operating room objectives and specific curricula, an increasing awareness regarding role modeling, and faculty development, are reviewed.",American journal of obstetrics and gynecology,2015 Oct,2015,October,,Brittany S Hampton; LaTasha B Craig; Jodi F Abbott; Samantha D Buery-Joyner; John L Dalrymple; David A Forstein; Laura Hopkins; Margaret L McKenzie; Sarah M Page-Ramsey; Archana Pradhan; Abigail Wolf; Scott C Graziano,curriculum; medical student; obstetrics and gynecology; operating room; teaching,10.1016/j.ajog.2015.04.002,https://doi.org/10.1016/j.ajog.2015.04.002,,213,4,eng,United States,Journal Article; Review,"Clinical Clerkship/methods; Curriculum; Education, Medical, Undergraduate/methods; Gynecology/education; Humans; Obstetrics/education; Operating Rooms",Closed Access,closed,,
35853832,Occupational risks to pregnant obstetrics and gynaecology trainees and physicians: Is it time to think about this?,"The proportion of women in the workforce has been steadily increasing worldwide. Women now constitute approximately 75% of the global health workforce and almost 90% in nursing and midwifery professions. The present times have witnessed a dramatic gender shift in the speciality of obstetrics and gynaecology. Women now comprise a significant proportion of practicing obstetrics and gynaecology specialists all over the world. In 2018, more than 80% of resident doctors and nearly 60% of physicians in the speciality were female, far exceeding any other surgical speciality. Most resident doctors and a significant proportion of practising physicians in obstetrics and gynaecology are in the reproductive age group. They will become pregnant at some point in their training program or career. The present review focuses on all work-related exposure risks for pregnant obstetrics and gynaecology professionals. It discusses the risks of infectious diseases, radiation, stress, violence against doctors, and even peer support (or lack of it) that can have deleterious effects on the health of pregnant physicians and the health of their unborn foetuses.",Journal of mother and child,2022 Mar 01,2022,March,01,Mishu Mangla,Occupational risks; gynaecologist; health care workers; obstetrician; pregnancy; radiation exposure; teratogenesis; violence against doctors,10.34763/jmotherandchild.20222601.d-22-00006,https://doi.org/10.34763/jmotherandchild.20222601.d-22-00006,https://www.ncbi.nlm.nih.gov/pmc/articles/PMC10032316/,26,1,eng,Poland,Review; Journal Article,"Female; Humans; Pregnancy; Gynecology/education; Midwifery; Obstetrics/education; Physicians; Reproduction; Physicians, Women",Unknown,,,
26942370,Definitions of Obstetric and Gynecologic Hospitalists.,"The obstetric hospitalist and the obstetric and gynecologic hospitalist evolved in response to diverse forces in medicine, including the need for leadership on labor and delivery units, an increasing emphasis on quality and safety in obstetrics and gynecology, the changing demographics of the obstetric and gynecologic workforce, and rising liability costs. Current (although limited) research suggests that obstetric and obstetric and gynecologic hospitalists may improve the quality and safety of obstetric care, including lower cesarean delivery rates and higher vaginal birth after cesarean delivery rates as well as lower liability costs and fewer liability events. This research is currently hampered by the use of varied terminology. The leadership of the Society of Obstetric and Gynecologic Hospitalists proposes standardized definitions of an obstetric hospitalist, an obstetric and gynecologic hospitalist, and obstetric and gynecologic hospital medicine practices to standardize communication and facilitate program implementation and research. Clinical investigations regarding obstetric and gynecologic practices (including hospitalist practices) should define inpatient coverage arrangements using these standardized definitions to allow for fair conclusions and comparisons between practices.",Obstetrics and gynecology,2016 Feb,2016,February,,Brigid McCue; Robert Fagnant; Arthur Townsend; Meredith Morgan; Shefali Gandhi-List; Tanner Colegrove; Harriet Stosur; Rob Olson; Karenmarie Meyer; Andrew Lin; Jennifer Tessmer-Tuck,,10.1097/AOG.0000000000001235,https://doi.org/10.1097/AOG.0000000000001235,,127,2,eng,United States,Journal Article; Review,"Female; Gynecology/organization & administration; Hospitalists/organization & administration; Humans; Leadership; Male; Obstetrics/organization & administration; Obstetrics and Gynecology Department, Hospital/organization & administration; Patient Safety; Physician's Role; Practice Patterns, Physicians'; Pregnancy; Quality of Health Care; Societies, Medical/organization & administration; United States",Closed Access,closed,,
36321212,Climate change and women's health: Turning leadership into action.,"Climate change is considered the greatest long-term challenge we face, and it comes with a direct impact on women's health and pregnancy outcomes. There are many balances that physicians make in deciding elements of care, but environmental impact has not been a consideration. Health care leaders must recognize the impact of their decisions on carbon footprints and creatively look towards changes that will improve global conditions.",International journal of gynaecology and obstetrics: the official organ of the International Federation of Gynaecology and Obstetrics,2023 Feb,2023,February,,Jeanne Conry; Steve Robson,carbon emissions; climate; gynecology; obstetrics,10.1002/ijgo.14543,https://doi.org/10.1002/ijgo.14543,,160,2,eng,United States,Journal Article; Review,Pregnancy; Female; Humans; Gynecology; Obstetrics; Leadership; Climate Change; Women's Health,Closed Access,closed,,
32133183,"Large and persistent subnational inequalities in reproductive, maternal, newborn and child health intervention coverage in sub-Saharan Africa.","Subnational inequalities have received limited attention in the monitoring of progress towards national and global health targets during the past two decades. Yet, such data are often a critical basis for health planning and monitoring in countries, in support of efforts to reach all with essential interventions. Household surveys provide a rich basis for interventions coverage indicators on reproductive, maternal, newborn and child health (RMNCH) at the country first administrative level (regions or provinces). In this paper, we show the large subnational inequalities that exist in RMNCH coverage within 39 countries in sub-Saharan Africa, using a composite coverage index which has been used extensively by Countdown to 2030 for Women's, Children's and Adolescent's Health. The analyses show the wide range of subnational inequality patterns such as low overall national coverage with very large top inequality involving the capital city, intermediate national coverage with bottom inequality in disadvantaged regions, and high coverage in all regions with little inequality. Even though nearly half of the 34 countries with surveys around 2004 and again around 2015 appear to have been successful in reducing subnational inequalities in RMNCH coverage, the general picture shows persistence of large inequalities between subnational units within many countries. Poor governance and conflict settings were identified as potential contributing factors. Major efforts to reduce within-country inequalities are required to reach all women and children with essential interventions.",BMJ global health,2020,2020,,,Cheikh Mbacké Faye; Fernando C Wehrmeister; Dessalegn Y Melesse; Martin Kavao Kavao Mutua; Abdoulaye Maïga; Chelsea Maria Taylor; Agbessi Amouzou; Safia S Jiwani; Inácio Crochemore Mohnsam da Silva; Estelle Monique Sidze; Tyler Andrew Porth; Tome Ca; Leonardo Zanini Ferreira; Kathleen L Strong; Richard Kumapley; Liliana Carvajal-Aguirre; Ahmad Reza Hosseinpoor; Aluisio J D Barros; Ties Boerma,child health; maternal health,10.1136/bmjgh-2019-002232,https://doi.org/10.1136/bmjgh-2019-002232,https://www.ncbi.nlm.nih.gov/pmc/articles/PMC7042572/,5,1,eng,England,"Journal Article; Research Support, Non-U.S. Gov't; Review","Africa South of the Sahara/epidemiology; Child; Child Health/statistics & numerical data; Female; Healthcare Disparities/statistics & numerical data; Humans; Infant, Newborn; Maternal Health/statistics & numerical data; Pregnancy; Reproductive Health/statistics & numerical data",Open Access,gold,cc-by,https://gh.bmj.com/content/bmjgh/5/1/e002232.full.pdf
27461160,Global maternal health and newborn health: Looking backwards to learn from history.,"The late appearance of the 'M' on the international health agenda - in its own right and not just as a carrier of the intrauterine passenger - is thought-provoking. The 'M' was absent for decades in textbooks of 'tropical medicine' until the rhetoric question was formulated: 'Where is the ""M"" in MCH?' The selective antenatal 'high-risk approach' gained momentum but had to give way to the fact that all pregnant women are at risk due to unforeseeable complications. In order to provide trained staff to master such complications in impoverished rural areas (with no doctors), some countries have embarked on training of non-physician clinicians/associate clinicians for major surgery with excellent results in 'task-shifting' practice. The alleged but non-existent 'human right' to survive birth demonstrates that there have been no concrete accountability and no 'legal teeth' to make a failing accountability legally actionable to guarantee such a right.",Best practice & research. Clinical obstetrics & gynaecology,2016 Oct,2016,October,,Staffan Bergström,demography; human rights; maternal mortality; neonatal mortality; stillbirth; tropical medicine,10.1016/j.bpobgyn.2016.05.010,https://doi.org/10.1016/j.bpobgyn.2016.05.010,,36,,eng,Netherlands,Historical Article; Journal Article; Review,"Female; Global Health/history; Health Policy/history; History, 20th Century; History, 21st Century; Humans; Infant; Infant Health/history; Infant Mortality/history; Infant, Newborn; Maternal Health/history; Maternal Mortality/history; Midwifery/history; Obstetrics/history; Pregnancy; Sterilization, Involuntary/history; Tropical Medicine/history",Closed Access,closed,,
28599897,"To the point: medical education, technology, and the millennial learner.","This article, from the ""To The Point"" series that was prepared by the Association of Professors of Gynecology and Obstetrics Undergraduate Medical Education Committee, provides an overview of the characteristics of millennials and describes how medical educators can customize and reframe their curricula and teaching methods to maximize millennial learning. A literature search was performed to identify articles on generational learning. We summarize the importance of understanding the attitudes, ideas, and priorities of millennials to tailor educational methods to stimulate and enhance learning. Where relevant, a special focus on the obstetrics and gynecology curriculum is highlighted.",American journal of obstetrics and gynecology,2018 Feb,2018,February,,Laura Hopkins; Brittany S Hampton; Jodi F Abbott; Samantha D Buery-Joyner; LaTasha B Craig; John L Dalrymple; David A Forstein; Scott C Graziano; Margaret L McKenzie; Archana Pradham; Abigail Wolf; Sarah M Page-Ramsey,medical education; millennials; obstetrics and gynecology; simulation; technology,10.1016/j.ajog.2017.06.001,https://doi.org/10.1016/j.ajog.2017.06.001,,218,2,eng,United States,Journal Article; Review,"Computer-Assisted Instruction/methods; Computer-Assisted Instruction/trends; Curriculum/trends; Education, Medical, Undergraduate/methods; Education, Medical, Undergraduate/trends; Gynecology/education; Gynecology/trends; Humans; Intergenerational Relations; Learning; Obstetrics/education; Obstetrics/trends; Social Media/trends; United States",Closed Access,closed,,
34756293,Subspecialization in Obstetrics and Gynecology: Is It Affecting the Future Availability of Women's Health Specialists?,"The growth in the number of obstetrics and gynecology resident graduates pursuing fellowships has exceeded growth in the number of resident graduates, because more fellowship programs are being developed in more subspecialties rather than additional residency programs. Approximately 1 in 4 residents pursues subspecialty training, compared with 1 in 12 in 2001. The number of fellowships remains competitive, because nearly all programs fill their match and the number of applicants exceeds the number of positions. Graduating residents who serve as frontline women's health specialists need to serve as leaders of interprofessional teams to better serve their patients, especially in underserved areas.",Obstetrics and gynecology clinics of North America,2021 Dec,2021,December,,William F Rayburn; Imam M Xierali,Fellowship; Obstetrics and gynecology; Residency; Subspecialty; Workforce,10.1016/j.ogc.2021.06.003,https://doi.org/10.1016/j.ogc.2021.06.003,,48,4,eng,United States,Journal Article; Review,Fellowships and Scholarships; Female; Gynecology/education; Humans; Internship and Residency; Obstetrics/education; Specialization; Women's Health,Closed Access,closed,,
34242823,Guideline No. 421: Point of Care Ultrasound in Obstetrics and Gynaecology.,"OBJECTIVE: To provide an opinion regarding the usefulness of point of care ultrasound in obstetrics and gynaecology. TARGET POPULATION: Women with pregnancy-related complications or issues who could benefit from an urgent bedside sonographic evaluation. OPTIONS: Point of care ultrasound is a readily accessible option, requiring few resources. BENEFITS, HARMS, AND COSTS: This low-cost imaging option can expedite appropriate patient management, enhance provider confidence, and allay the patient's anxiety in a timely fashion. However, there is potential for error in imaging or interpretation, resulting in incorrect and potentially harmful patient management. EVIDENCE: MEDLINE, PubMed, Embase, and the Cochrane Library weres earched from 2009 to 2019. Medical Subject Headings (MeSH) and keywords were related to pregnancy, PoCUS, point of care ultrasound, and bedside ultrasound. This document represents an abstraction of the evidence rather than a methodological review. VALIDATION METHODS: The authors rated the quality of evidence and strength of recommendations using the Grading of Recommendations, Assessment, Development, and Evaluation (GRADE) approach. See online Appendix A (Tables A1 for definitions and A2 for interpretations of strong and weak recommendations). INTENDED AUDIENCE: Providers of urgent care for pregnant women (obstetricians and gynaecologists, family physicians, emergency room physicians, midwives, nurse practitioners, nurses). SUMMARY STATEMENT (GRADE RATINGS IN PARENTHESES): RECOMMENDATIONS (GRADE RATINGS IN PARENTHESES).",Journal of obstetrics and gynaecology Canada : JOGC = Journal d'obstetrique et gynecologie du Canada : JOGC,2021 Sep,2021,September,,Venu Jain; Candace O'Quinn; Michiel Van den Hof,"diagnostic ultrasound; point of care testing, fetal",10.1016/j.jogc.2021.07.003,https://doi.org/10.1016/j.jogc.2021.07.003,,43,9,eng,Netherlands,Practice Guideline; Journal Article,Female; Gynecology; Humans; Obstetrics; Point-of-Care Systems; Pregnancy; Pregnancy Complications/diagnostic imaging; Ultrasonography,Closed Access,closed,,
17099337,Complementary therapy and obstetrics and gynaecology: a time to integrate.,"PURPOSE OF REVIEW: The purpose of this review is to assess the evidence and role of complementary and alternative medicine in obstetrics and gynaecology. There is increasing patient interest and use of complementary and alternative medicine therapies and there is thus a need for health practitioners to be appropriately informed of different complementary therapies. RECENT FINDINGS: This article reviews the background to complementary and alternative medicine and the evidence although limited for its introduction into mainstream obstetrics and gynaecology; the difficulty in obtaining good evidence is also discussed. SUMMARY: The conclusions drawn are that we need to develop an integrated approach to healthcare and this is particularly relevant and important in obstetrics and gynaecology. With this integration, clinical research is essential and needs encouragement from all levels.",Current opinion in obstetrics & gynecology,2006 Dec,2006,December,,Michael Dooley,,10.1097/GCO.0b013e3280105edc,https://doi.org/10.1097/GCO.0b013e3280105edc,,18,6,eng,England,Journal Article; Review,Complementary Therapies; Female; Gynecology/methods; Humans; Infertility/therapy; Menopause; Obstetrics/methods; Pregnancy,Closed Access,closed,,
33228642,Maternal health among Venezuelan women migrants at the border of Brazil.,"BACKGROUND: Guaranteeing the sexual and reproductive health and rights (SRHR) of populations living in fragile and humanitarian settings is essential and constitutes a basic human right. Compounded by the inherent vulnerabilities of women in crises, substantial complications are directly associated with increased risks of poor SRHR outcomes for displaced populations. The migration of Venezuelans, displaced due to current economic circumstances, is one of the largest in Latin America's history. This study aims to provide an overview of the sexual and reproductive health (SRH) issues affecting migrant Venezuelan women in the state of Roraima, Brazil. METHODS: Face-to-face interviews were conducted from 24 to 30 November 2019. Data collection covered various issues involving access to and use of SRH services by 405 migrant Venezuelan women aged 18-49 years. The Minimum Initial Service Package readiness assessment tools, available from the Inter-Agency Working Group on Reproductive Health in Crises, were used in the data collection. RESULTS: Most commonly, the women reported unmet family planning needs. Of these, a significant proportion reported being unable to obtain contraceptive methods, particularly long-acting reversible contraceptives, either due to the woman's inability to access them or their unavailability at healthcare centres. Although a significant proportion of women were largely satisfied with the attention received at the maternity hospital, both before and during childbirth, 24.0% of pregnant or postpartum women failed to receive any prenatal or postnatal care. CONCLUSION: Meeting the essential SRHR needs of migrant Venezuelan women in Roraima, Brazil is a challenge that has yet to be fully addressed. Given the size of this migrant population, the Brazilian healthcare system has failed to adapt sufficiently to meet their needs; however, problems with healthcare provision are similar for migrants and Brazilian citizens. Efforts need to be encouraged not only in governmental health sectors, but also with academic, non-governmental and international organisations, including a coordinated approach to ensure a comprehensive SRHR response. Given the current high risks associated with the SARS-CoV-2 pandemic, meeting the SRHR needs of migrant populations has become more critical than ever.",BMC public health,2020 Nov 23,2020,November,23,L Bahamondes; M Laporte; D Margatho; H S F de Amorim; C Brasil; C M Charles; A Becerra; M M Hidalgo,"Brazil; Migrants, Venezuela; Sexual and reproductive health",10.1186/s12889-020-09912-x,https://doi.org/10.1186/s12889-020-09912-x,https://www.ncbi.nlm.nih.gov/pmc/articles/PMC7682772/,20,1,eng,England,Journal Article; Review,Brazil; Female; Health Services Needs and Demand; Humans; Maternal Health/statistics & numerical data; Pregnancy; Reproductive Health; Reproductive Rights; Sexual Health; Transients and Migrants/statistics & numerical data; Venezuela/ethnology,Open Access,gold,cc-by,https://bmcpublichealth.biomedcentral.com/track/pdf/10.1186/s12889-020-09912-x
31378295,Challenges in the Era of Coding and Corporatization.,"The past 40 years have witnessed a major redesign of health care, largely driven by rampantly increasing costs and the perception of lack of better outcomes to justify those costs. Many demographic changes have also challenged the women's health care provider workforce, and evolving new payment systems are likewise a source of angst for these providers. Managed care is seeking to cut costs, and the challenge is to do so without sacrificing quality. Burnout is a new challenge in the present environment. There is now an opportunity to meet these challenges and provide the excellent care our patients deserve.",Obstetrics and gynecology clinics of North America,2019 Sep,2019,September,,Mark S DeFrancesco,Corporatization of medicine; Fee-for-service; Population health; Prevention; Primary care; Specialist in obstetrics and gynecology; Value-based care,10.1016/j.ogc.2019.04.012,https://doi.org/10.1016/j.ogc.2019.04.012,,46,3,eng,United States,Journal Article; Review,Delivery of Health Care/economics; Delivery of Health Care/trends; Female; Gynecology/economics; Gynecology/trends; Health Personnel/trends; Humans; Obstetrics/economics; Obstetrics/trends; Primary Health Care/trends; Quality of Health Care; Specialization; United States; Value-Based Health Insurance; Women's Health,Closed Access,closed,,
26823180,Chinese Obstetrics & Gynecology journal club: a randomised controlled trial.,"OBJECTIVES: To assess whether a journal club model could improve comprehension and written and spoken medical English in a population of Chinese medical professionals. SETTING AND PARTICIPANTS: The study population consisted of 52 medical professionals who were residents or postgraduate master or PhD students in the Department of Obstetrics and Gynecology, Heilongjiang University of Chinese Medicine, China. INTERVENTION: After a three-part baseline examination to assess medical English comprehension, participants were randomised to either (1) an intensive journal club treatment arm or (2) a self-study group. At the conclusion of the 8-week intervention participants (n=52) were re-tested with new questions. OUTCOME MEASURES: The primary outcome was the change in score on a multiple choice examination. Secondary outcomes included change in scores on written and oral examinations which were modelled on the Test of English as a Foreign Language (TOEFL). RESULTS: Both groups had improved scores on the multiple choice examination without a statistically significant difference between them (90% power). However, there was a statistically significant difference between the groups in mean improvement in scores for both written (95% CI 1.1 to 5.0; p=0.003) and spoken English (95% CI 0.06 to 3.7; p=0.04) favouring the journal club intervention. CONCLUSIONS: Interacting with colleagues and an English-speaking facilitator in a journal club improved both written and spoken medical English in Chinese medical professionals. Journal clubs may be suitable for use as a self-sustainable teaching model to improve fluency in medical English in foreign medical professionals. TRIAL REGISTRATION NUMBER: NCT01844609.",BMJ open,2016 Jan 28,2016,January,28,Ilene K Tsui; William C Dodson; Allen R Kunselman; Hongying Kuang; Feng-Juan Han; Richard S Legro; Xiao-Ke Wu,GYNAECOLOGY; MEDICAL EDUCATION & TRAINING; OBSTETRICS; REPRODUCTIVE MEDICINE,10.1136/bmjopen-2015-010178,https://doi.org/10.1136/bmjopen-2015-010178,https://www.ncbi.nlm.nih.gov/pmc/articles/PMC4735128/,6,1,eng,England,Journal Article; Randomized Controlled Trial,"Adult; China; Comprehension; Education, Medical, Graduate; Educational Measurement/methods; Female; Gynecology/education; Humans; Internship and Residency; Language; Male; Observer Variation; Obstetrics/education; Periodicals as Topic; Teaching/methods; Writing",Open Access,gold,cc-by-nc,https://bmjopen.bmj.com/content/bmjopen/6/1/e010178.full.pdf
37437693,To the Point: optimizing the learning environment in labor and delivery.,"The labor and delivery floor is a unique learning environment that poses challenges to teaching medical students, with a potentially detrimental effect on their evaluations of the obstetrics and gynecology clerkship. This article, from the ""To the Point"" series prepared by the Association of Professors of Gynecology and Obstetrics Undergraduate Medical Education Committee, offers specific suggestions for improving undergraduate medical education in obstetrics with attention to student preparation, faculty development, nonphysician staff involvement, and patient education. Optimizing the learning environment in labor and delivery would improve student experiences and perceptions of our specialty.",American journal of obstetrics & gynecology MFM,2023 Sep,2023,September,,Jonathan Schaffir; Helen Kang Morgan; Rashmi Bhargava; Laura Baecher-Lind; Katherine T Chen; Angela Fleming; Christopher Morosky; Celeste S Royce; Shireen Madani Sims; Tammy Sonn; Alyssa Stephenson-Famy; Jill M Sutton,labor and delivery; learning environment; medical student experience; obstetrics clerkship; undergraduate medical education,10.1016/j.ajogmf.2023.101090,https://doi.org/10.1016/j.ajogmf.2023.101090,,5,9,eng,United States,Journal Article; Review,"Humans; Clinical Clerkship; Gynecology; Obstetrics/education; Students, Medical; Education, Medical, Undergraduate",Closed Access,closed,,
1923179,Interpreting the literature in obstetrics and gynecology: I. Key concepts in epidemiology and biostatistics.,"The proper interpretation of research findings in obstetrics and gynecology increasingly requires some understanding of epidemiology and biostatistics. The disciplines of epidemiology and biostatistics are inextricably related; the goal of epidemiology is accurate measurement of the relationship between an exposure and a disease, and statistical methods are required for achieving that objective. Most epidemiologic studies in the obstetrics and gynecology literature can be classified as 1) cross-sectional, 2) case-control, or 3) cohort (follow-up) studies. The 2 x 2 table represents the basic analytic format for all three types of epidemiologic studies. Information from this table can be used to estimate both the magnitude of the exposure-disease relationship and the relative likelihood that chance explains study findings. Accurate measurement of the relationship between an exposure and a disease can be impeded by two major sources of error: bias and chance. In broad terms, biases can be classified as those related to 1) selection, 2) information, and 3) the presence of extraneous variables. Because biases in epidemiologic studies distort measurements, they must be identified, characterized, and, if possible, avoided. When biases cannot be avoided, knowledge of their likely impact on study findings must be assessed. The role of chance is evaluated by statistical testing of the null hypothesis, ie, the hypothesis that two factors are not associated.(ABSTRACT TRUNCATED AT 250 WORDS)",Obstetrics and gynecology,1991 Oct,1991,October,,H B Peterson; D G Kleinbaum,,,,,78,4,eng,United States,Journal Article; Review,Bias; Biometry; Confidence Intervals; Epidemiology/statistics & numerical data; Gynecology/statistics & numerical data; Obstetrics/statistics & numerical data; Periodicals as Topic; Research Design/statistics & numerical data,Unknown,,,
32101068,Long-term health of children conceived after assisted reproductive technology.,"The aim of this narrative review is to summarize the present knowledge on long-term outcome of children born after assisted reproductive technologies (ART). The main outcomes covered are neurodevelopment including cerebral palsy, cognitive development, attention deficit hyperactivity disorder and autism spectrum disease, growth, cardiovascular function, diabetes type 1, asthma, malignancies, and reproductive health. Results have mainly been obtained from systematic reviews/meta-analyses and large registry studies. It has been shown that children born after ART, when restricted to singletons, have a similar outcome for many health conditions as their spontaneously conceived peers. For some outcomes, particularly cardiovascular function and diabetes, studies show some higher risk for ART singletons or subgroup of ART singletons. The fast introduction of new ART techniques emphasizes the importance of continuous surveillance of children born after ART.",Upsala journal of medical sciences,2020 May,2020,May,,Christina Bergh; Ulla-Britt Wennerholm,Assisted reproductive technology; ICSI; IVF; long-term follow up,10.1080/03009734.2020.1729904,https://doi.org/10.1080/03009734.2020.1729904,https://www.ncbi.nlm.nih.gov/pmc/articles/PMC7721037/,125,2,eng,Sweden,Journal Article; Review,"Adolescent; Asthma/etiology; Cardiovascular Diseases/etiology; Child; Child Development; Child Health; Child, Preschool; Diabetes Mellitus, Type 1/etiology; Humans; Neoplasms/etiology; Neurodevelopmental Disorders/etiology; Reproductive Health; Reproductive Techniques, Assisted/adverse effects; Risk Factors",Open Access,gold,cc-by,https://ujms.net/index.php/ujms/article/download/5644/11318
29408754,Elective abortion: Clinical practice guidelines from the French College of Gynecologists and Obstetricians (CNGOF).,"The number of elective abortions has been stable for several decades. Many factors explain women's choice of abortion in cases of unplanned pregnancies. Early initiation of contraceptive use and a choice of contraceptive choices appropriate to the woman's life are associated with lower rates of unplanned pregnancies. Reversible long-acting contraceptives should be favored as first-line methods for adolescents because of their effectiveness (grade C). Ultrasound scan before an elective abortion must be encouraged but should not be obligatory (professional consensus). As soon as the embryo appears on the ultrasound scan, the date of pregnancy is estimated by measuring the crown-rump length (CRL) or, from 11 weeks on, by measuring the biparietal diameter (BPD) (grade A). Because reliability of these parameters is ±5 days, the abortion may be done if measurements are respectively less than 90 mm for CRL and less than 30 mm for BPD (professional consensus). A medically induced abortion, performed with a dose of 200 mg mifepristone combined with misoprostol, is effective at any gestational age (Level of Evidence (LE) 1). Before 7 weeks, mifepristone should be followed 24-48 h later by misoprostol, administered orally, buccally, sublingually, or even vaginally followed if needed by a further dose of 400 μg after 3 h, to be renewed if needed after 3 h (LE 1, grade A). After 7 weeks, administration of misoprostol by the vaginal, sublingual, or buccal routes is more effective and better tolerated than by the oral route (LE 1). Cervical preparation is recommended for systematic use in surgical abortions (professional consensus). Misoprostol is a first-line agent for cervical preparation at a dose of 400 μg (grade A). Vacuum aspiration is preferable to curettage (grade B). A uterus perforated during surgical aspiration should not routinely be considered to be scarred (professional consensus). An elective abortion is not associated with a higher risk of subsequent infertility or ectopic pregnancy (LE 2). The medical consultation before an elective abortion generally does not affect the decision to end or continue the pregnancy, and most women are sufficiently certain about their choice at this time. Women appear to find the method used most acceptable and to be most satisfied when they were able to choose the method (grade B). Elective abortions are not associated with an increased rate of psychiatric disorders (LE 2). However, women with psychiatric histories are at a higher risk of psychological disorders after the occurrence of an unplanned pregnancy than women with such a history (LE 2). For surgical abortions, combined hormonal contraceptives - oral or transdermal - should be started on the day of the abortion, while the vaginal ring should be inserted 5 days afterwards (grade B). For medical abortions, the vaginal ring should be inserted in the week after mifepristone administration, while the combined contraceptives should begin the same day as the misoprostol or the day after (grade C). Contraceptive implants should be inserted on the same day as a surgical abortion, and may be inserted the day the mifepristone is administered for medical abortions (grade B and C respectively). In case of medical abortion, the implant can be inserted the same day the mifepristone is administered (grade C). Both the copper IUDs and levonorgestrel intrauterine system should be inserted on the day of the surgical abortion (grade A). After medical abortions, an IUD can be inserted in 10 days after mifepristone administration, after ultrasound scan verification of the absence of an intrauterine pregnancy (grade C).","European journal of obstetrics, gynecology, and reproductive biology",2018 Mar,2018,March,,Christophe Vayssière; Adrien Gaudineau; Luisa Attali; Karima Bettahar; Sophie Eyraud; Philippe Faucher; Patrick Fournet; Danielle Hassoun; Marie Hatchuel; Christian Jamin; Brigitte Letombe; Teddy Linet; Marie Msika Razon; Alexandra Ohanessian; Hélène Segain; Solène Vigoureux; Norbert Winer; Sophie Wylomanski; Aubert Agostini,Contraception; Elective abortion; Medical abortion; Regulations for elective abortions; Surgical abortion,10.1016/j.ejogrb.2018.01.017,https://doi.org/10.1016/j.ejogrb.2018.01.017,,222,,eng,Ireland,Journal Article; Review,"Abortion, Induced/adverse effects; Abortion, Induced/methods; Abortion, Induced/standards; Evidence-Based Medicine; Female; France; Gynecology/methods; Gynecology/trends; Humans; Obstetrics/methods; Obstetrics/trends; Practice Guidelines as Topic; Pregnancy; Societies, Medical",Closed Access,closed,,
34773390,Obstetrics and gynecology in Ehlers-Danlos syndrome: A brief review and update.,"The Ehlers-Danlos syndromes (EDSs) are a group of hereditary disorders affecting collagen and connective tissue. Gynecologic and obstetric complications occur with increased frequency and severity due to these abnormalities. Recent studies suggest that some complications, including endometriosis and premature rupture of the membranes may occur less often than previously thought. In addition, having a known diagnosis allows anticipatory planning, resulting in lower morbidity from hemorrhage and tissue injury. With continued progress in understanding the underlying mechanisms of EDS, more effective treatments can be developed.","American journal of medical genetics. Part C, Seminars in medical genetics",2021 Dec,2021,December,,Natalie Blagowidow,Ehlers-Danlos syndrome; dysmenorrhea; hemorrhage; preterm delivery,10.1002/ajmg.c.31945,https://doi.org/10.1002/ajmg.c.31945,,187,4,eng,United States,Journal Article; Review,Collagen; Ehlers-Danlos Syndrome; Female; Gynecology; Humans; Obstetrics; Pregnancy,Closed Access,closed,,
39187722,A Scoping Review of Obstetrics and Gynecology Curricula in Primary Care Residency Programs.,"BACKGROUND: While Women's Health (WH) is a priority for primary care, (Family Medicine (FM), Internal Medicine (IM), Pediatrics (Peds), and combined Medicine/Pediatrics (Med/Peds)), residency curricula remain heterogeneous with deficits in graduates' WH expertise and skills. The overall objective of this study was to assess the quality of WH curricula at primary care residency programs in the United States (US), with a focus on topics in obstetrics and gynecology (OBGYN). METHODS: PubMed®, ERIC, The Cochrane Library, MedEdPORTAL, and professional organization websites were systematically searched in 2019 and updated in 2021. Included studies described OBGYN educational curricula in US primary care residency programs. Following abstract screening and full-text review, data from eligible studies was abstracted and quality assessed using the Medical Education Research Study Quality Instrument (MERSQI). RESULTS: A total of 109 studies met the inclusion criteria. Over a quarter of studies were interdepartmental or interdisciplinary. The most common single-department studies were IM (38%) and FM (26%). Twenty (25%) studies addressed comprehensive OBGYN curricula; the most common individual topics were cervical and breast cancer screening (31%) and contraception (16%). Most studies utilized multiple instructional modalities, most commonly didactics (54%), clinical experiences (41%), and/or simulation (21%). Most studies included self-reported outcomes by residents (70%), with few (11%) reporting higher-level assessments (i.e., patient, or clinical outcomes). Most studies were single-group pre- and post-test (42%) with few randomized controlled trials (4%). The mean MERSQI score for studies with sufficient data (90%) was 9.8 (range 3 to 15.5). DISCUSSION: OBGYN educational curricula for primary care trainees in the US was varied with gaps in represented residents, content, assessments, and study quality.",Journal of general internal medicine,2025 Jan,2025,January,,Sarah I Ramírez; Michael Partin; Ashley H Snyder; Elizabeth Ko; Jane Aruma; Marie C Castaneda; Rachel S Casas,Curriculum; Family medicine; Internal medicine; Pediatrics; Residency and internship; Women’s health,10.1007/s11606-024-08987-1,https://doi.org/10.1007/s11606-024-08987-1,https://www.ncbi.nlm.nih.gov/pmc/articles/PMC11780059/,40,1,eng,United States,Journal Article; Scoping Review,Female; Humans; Curriculum/standards; Gynecology/education; Internship and Residency/methods; Internship and Residency/standards; Obstetrics/education; Primary Health Care; United States,Closed Access,closed,,
39571924,Cardio obstetrics: Bridging heart and pregnancy health.,"Cardiovascular disease remains a major contributor to maternal morbidity and mortality in the United States. Cardio Obstetrics is a nascent field for which most cardiovascular clinicians have not received any formal training. This has resulted in knowledge and care gaps. In this review we provide principles to guide the care for the evaluation and management of pregnancy capable individuals, which should be considered the standard knowledge for all clinicians.",Trends in cardiovascular medicine,2025 Apr,2025,April,,Rachel L Goldberg; Sindhu Prabakaran; Nandita S Scott,Cardio obstetrics; Contraception; Heart disease and pregnancy; Pre conception counseling,10.1016/j.tcm.2024.10.005,https://doi.org/10.1016/j.tcm.2024.10.005,,35,3,eng,United States,Journal Article; Review,"Humans; Pregnancy; Female; Pregnancy Complications, Cardiovascular/therapy; Pregnancy Complications, Cardiovascular/diagnosis; Pregnancy Complications, Cardiovascular/physiopathology; Pregnancy Complications, Cardiovascular/mortality; Pregnancy Complications, Cardiovascular/epidemiology; Obstetrics; Risk Assessment; Prognosis; Risk Factors; Maternal Health; Heart Disease Risk Factors",Closed Access,closed,,
30696555,To the Point: The expanding role of simulation in obstetrics and gynecology medical student education.,"This article, from the ""To the Point"" series prepared by the Association of Professors of Gynecology and Obstetrics (APGO) Undergraduate Medical Education Committee (UMEC), provides educators with an overview of the use of simulation in undergraduate medical education in the field of obstetrics and gynecology. Simulation plays an important role in the education of medical students. Students are increasingly serving as clinical observers and providing less direct patient care. Simulation can help standardize education and ensure quality and comparability across an enlarging educational environment. This article summarizes the expanding role of simulation in undergraduate medical education in obstetrics and gynecology and its effect on important learner outcomes such as confidence, knowledge, skills, workplace behaviors, and translation to patient care.",American journal of obstetrics and gynecology,2019 Feb,2019,February,,Elise N Everett; David A Forstein; Susan Bliss; Samantha D Buery-Joyner; LaTasha B Craig; Scott C Graziano; Brittany S Hampton; Laura Hopkins; Margaret L McKenzie; Helen Morgan; Archana Pradhan; Sarah M Page-Ramsey,clerkship; gynecology; medical education; medical students; obstetrics; simulation,10.1016/j.ajog.2018.10.029,https://doi.org/10.1016/j.ajog.2018.10.029,,220,2,eng,United States,Journal Article; Review,"Clinical Competence; Education, Medical, Undergraduate/methods; Gynecology/education; Humans; Obstetrics/education; Simulation Training/methods; United States",Closed Access,closed,,
27465297,To the Point: Integrating Patient Safety Education Into the Obstetrics and Gynecology Undergraduate Curriculum.,"This article is part of the To the Point Series prepared by the Association of Professors of Gynecology and Obstetrics Undergraduate Medical Education Committee. Principles and education in patient safety have been well integrated into academic obstetrics and gynecology practices, although progress in safety profiles has been frustratingly slow. Medical students have not been included in the majority of these ambulatory practice or hospital-based initiatives. Both the Association of American Medical Colleges and Accreditation Council for Graduate Medical Education have recommended incorporating students into safe practices. The Accreditation Council for Graduate Medical Education milestone 1 for entering interns includes competencies in patient safety. We present data and initiatives in patient safety, which have been successfully used in undergraduate and graduate medical education. In addition, this article demonstrates how using student feedback to assess sentinel events can enhance safe practice and quality improvement programs. Resources and implementation tools will be discussed to provide a template for incorporation into educational programs and institutions. Medical student involvement in the culture of safety is necessary for the delivery of both high-quality education and high-quality patient care. It is essential to incorporate students into the ongoing development of patient safety curricula in obstetrics and gynecology.",Journal of patient safety,2020 Mar,2020,March,,Jodi F Abbott; Archana Pradhan; Samantha Buery-Joyner; Petra M Casey; Alice Chuang; Lorraine Dugoff; John L Dalrymple; David A Forstein; Brittany S Hampton; Nancy A Hueppchen; Joseph M Kaczmarczyk; Nadine T Katz; Francis S Nuthalapaty; Sarah Page-Ramsey; Abigail Wolf; Amie J Cullimore,,10.1097/PTS.0000000000000250,https://doi.org/10.1097/PTS.0000000000000250,,16,1,eng,United States,Journal Article; Review,"Curriculum/standards; Education, Medical, Undergraduate/methods; Gynecology/education; Humans; Obstetrics/education; Patient Safety/standards",Closed Access,closed,,
38666712,The Role of Obstetrics and Gynecology in Shaping Gender-diverse Leadership in Medicine.,"Gender inequity persists in academic medicine. This article reviews the historical context, ongoing leadership challenges, and societal biases. The persistent barriers to gender equity in leadership roles, pay, and professional recognition are considered through the lens of obstetrics and gynecology where these issues persist despite a significant presence of women in the field. The impact of gender stereotypes, the role of intersectionality, and the need for systemic change are evident. Embracing diverse leadership styles and creating inclusive pathways to leadership will help actualize the potential benefits of a gender-diverse workforce, enhancing health care outcomes and fostering innovation.",Clinical obstetrics and gynecology,2024 Sep 01,2024,September,01,Abigail Ford Winkel; Nadine T Katz,,10.1097/GRF.0000000000000871,https://doi.org/10.1097/GRF.0000000000000871,,67,3,eng,United States,Journal Article; Review,"Leadership; Humans; Obstetrics/organization & administration; Gynecology/organization & administration; Female; Gender Equity; Male; Sexism; Physicians, Women",Closed Access,closed,,
38627197,Guideline for gynecological practice in Japan: Japan Society of Obstetrics and Gynecology and Japan Association of Obstetricians and Gynecologists 2023 edition.,"Twelve years after the first edition of The Guideline for Gynecological Practice, which was jointly edited by The Japan Society of Obstetrics and Gynecology and The Japan Association of Obstetricians and Gynecologists, the 5th Revised Edition was published in 2023. The 2023 Guidelines includes 5 additional clinical questions (CQs), which brings the total to 103 CQ (12 on infectious disease, 30 on oncology and benign tumors, 29 on endocrinology and infertility and 32 on healthcare for women). Currently, a consensus has been reached on the Guidelines, and therefore, the objective of this report is to present the general policies regarding diagnostic and treatment methods used in standard gynecological outpatient care that are considered appropriate. At the end of each answer, the corresponding Recommendation Level (A, B, C) is indicated.",The journal of obstetrics and gynaecology research,2024 Jul,2024,July,,Eiji Nishio; Ken Ishitani; Takahide Arimoto; Toshio Igarashi; Tetsuya Ishikawa; Akira Iwase; Mariko Ogawa; Nobuaki Ozawa; Hiroaki Kajiyama; Kaoru Kawasaki; Risa Kudo; Jun Kumakiri; Hiroko Komura; Kan Komai; Seiya Sato; Koichi Shinohara; Toshifumi Takahashi; Kyoko Tanaka; Kyoko Tanebe; Masashi Deguchi; Akiko Tozawa-Ono; Akitoshi Nakashima; Mikiya Nakatsuka; Satoshi Hayakawa; Tetsuya Hirata; Rie Fukuhara; Yasuka Miyakuni; Hiroaki Miyazaki; Tohru Morisada; Yoshimitsu Kuwabara; Masataka Takenaka; Makio Shozu; Mayumi Sugiura-Ogasawara; Tsugio Maeda; Yoshihito Yokoyama; Takuma Fujii,gynecologic oncology; gynecology; infections; menopause and women's health; reproductive endocrinology and infertility,10.1111/jog.15950,https://doi.org/10.1111/jog.15950,,50,7,eng,Australia,Journal Article; Practice Guideline,"Humans; Japan; Female; Gynecology/standards; Obstetrics/standards; Societies, Medical/standards; Genital Diseases, Female/diagnosis; Genital Diseases, Female/therapy; Obstetricians; Gynecologists",Open Access,hybrid,cc-by,https://obgyn.onlinelibrary.wiley.com/doi/pdf/10.1111/jog.15950
18319131,Simulation in obstetrics and gynecology.,"Simulation is a practical and safe approach to the acquisition and maintenance of task-oriented and behavioral skills across the spectrum of medical specialties, including obstetrics and gynecology. Since the 1990s, the profession of obstetrics and gynecology has come to appreciate the value of simulation and major steps are being taken toward incorporating this technique into specialty-specific training, evaluation, and credentialing programs. This article provides an overview of simulators and simulation in health care and describes the scope of their current use and anticipated applications in the field of obstetrics and gynecology.",Obstetrics and gynecology clinics of North America,2008 Mar,2008,March,,Roxane Gardner; Daniel B Raemer,,10.1016/j.ogc.2007.12.008,https://doi.org/10.1016/j.ogc.2007.12.008,,35,1,eng,United States,Journal Article; Review,Female; Gynecology/education; Humans; Manikins; Obstetrics/education; Patient Simulation,Closed Access,closed,,
33908613,Prediction Models of Adnexal Masses: State-of-the-Art Review.,"IMPORTANCE: Several predictive models and scoring systems have been developed to differentiate between benign and malignant ovarian masses, in order to guide effective management. These models use combinations of patient characteristics, ultrasound markers, and biochemical markers. OBJECTIVE: The aim of this study was to describe, compare, and prioritize, according to their strengths and qualities, all the adnexal prediction models. EVIDENCE ACQUISITION: This was a state-of-the-art review, synthesizing the findings of the current published literature on the available prediction models of adnexal masses. RESULTS: The existing models include subjective assessment by expert sonographers, the International Ovarian Tumor Analysis models (logistic regression models 1 and 2, Simple Rules, 3-step strategy, and ADNEX [Assessment of Different NEoplasias in the adneXa] model), the Risk of Malignancy Index, the Risk of Malignancy Ovarian Algorithm, the Gynecologic Imaging Reporting and Data System, and the Ovarian-Adnexal Reporting and Data System. Overall, subjective assessment appears to be superior to all prediction models. However, the International Ovarian Tumor Analysis models are probably the best available methods for nonexpert examiners. The Ovarian-Adnexal Reporting and Data System is an international approach that incorporates both the common European and North American approaches, but still needs to be validated. CONCLUSIONS: Many prediction models exist for the assessment of adnexal masses. The adoption of a particular model is based on local guidelines, as well as sonographer's experience. The safety of expectant management of adnexal masses with benign ultrasound morphology is still under investigation.",Obstetrical & gynecological survey,2021 Apr,2021,April,,Maria Mina; Ioannis Kosmas; Ioannis Tsakiridis; Apostolos Mamopoulos; Ioannis Kalogiannidis; Apostolos Athanasiadis; Themistoklis Dagklis,,10.1097/OGX.0000000000000873,https://doi.org/10.1097/OGX.0000000000000873,,76,4,eng,United States,Journal Article; Review,"Adnexal Diseases/diagnosis; Algorithms; Clinical Decision Rules; Diagnosis, Differential; Diagnostic Techniques, Obstetrical and Gynecological; Female; Gynecology/methods; Humans; Obstetrics/methods; Ovarian Neoplasms/diagnosis; Pregnancy; Risk Assessment; Sensitivity and Specificity",Closed Access,closed,,
30303903,A Comprehensive Evaluation of Obstetrics and Gynecology Residencies' Global Health Training Programs.,"OBJECTIVE: To compile a comprehensive summary of obstetrics and gynecology global health training programs and to describe program type, global distribution of work, effect, and reciprocity within programs. METHODS: This cross-sectional observational study identified all U.S. obstetrics and gynecology residencies with global health training programs, described residency and program characteristics, and evaluated the publications resulting from them. Eligible articles included those published in 2011-2016 about work done in a global health training location by global health training faculty. All eligible articles were evaluated for academic effect. The inclusion of host country authors on articles served as a proxy for reciprocity. Article content was assessed to evaluate whether programs addressed Millennium Development Goals. RESULTS: Among 245 obstetrics and gynecology residencies, 196 (80%) had global health training programs. Location and faculty members were identified for 67 (34%) programs, of which 26 (39%) had global health training faculty who had published articles meeting inclusion criteria. Of 698 articles reviewed, 78% addressed at least one Millennium Development Goal, including 39% that addressed improving maternal health (Millennium Development Goal 5). Approximately half (48%) of authors were from host countries. CONCLUSION: Most obstetrics and gynecology residencies are offering global health training. The majority of programmatic work addresses Millennium Development Goals and thus is aligned with global health priorities. The effect and reciprocity of global health training programs varies across institutions. Residencies could benefit from internal analysis of their global health training programs to evaluate whether knowledge gained is being disseminated and to ensure equitable partnerships and the creation of sustainable, influential initiatives.",Obstetrics and gynecology,2018 Nov,2018,November,,Shivika Trivedi; Lisa B Haddad; Jennifer Narvaez; Elizabeth Walker; Sameer Kapadia; Denise J Jamieson; Eva Lathrop,,10.1097/AOG.0000000000002935,https://doi.org/10.1097/AOG.0000000000002935,,132,5,eng,United States,Journal Article; Observational Study,Africa South of the Sahara; Asia; Authorship; Bibliometrics; Cross-Sectional Studies; Female; Global Health/education; Goals; Gynecology/education; Humans; International Cooperation; Internship and Residency; Latin America; Maternal Health; Obstetrics/education; Periodicals as Topic/statistics & numerical data; United States; World Health Organization,Closed Access,closed,,
33546638,Composite adverse outcomes in obstetric studies: a systematic review.,"BACKGROUND: Composite outcomes are increasingly being used in obstetric trials. The aim of this systematic review is to critically appraise the use of composite outcomes in obstetric RCTs with an intention of identifying limitations and providing potential solutions for future research. METHODS: The study protocol was prospectively registered. Medline, Embase, Cochrane Databases and www.clinicaltrials.gov were searched for randomized controlled trials (RCTs) published in English between 1999 and 2019, using search terms related to pregnancy and composite outcomes. STUDY ELIGIBILITY CRITERIA: RCTs involving an obstetric condition that reported on a composite outcome. STUDY APPRAISAL AND SYNTHESIS METHODS: Screening and data extraction were performed in duplicate, and a descriptive synthesis and critical appraisal of composite obstetric outcomes, is presented. RESULTS: Of the 4170 results screened, we identified 156 RCTs, reporting on 181 composite outcomes. Of these, 158 composite outcomes related to general morbidity and mortality, either exclusively maternal (n=20), fetal-neonatal [perinatal] (n=116) or maternal and perinatal (n=22) were included in the final analysis. Obstetric composite outcomes included between two and 16 components. Components that comprised these composite outcomes were often dissimilar in terms of severity and frequency of occurrence, unlikely to have similar relative risk reductions and sometimes unrelated to the study's primary objective - important pre-requisites to consider while constructing composite outcomes. In addition, composite adverse obstetric outcomes often do not incorporate the perspectives of pregnant persons, embrace a holistic view of health or consider outcomes related to both members of the mother-fetus dyad. CONCLUSIONS: Composite outcomes are being increasingly used as primary outcomes in obstetric RCTs, based on which study conclusions are drawn and clinical recommendations made. However, there is a lack of consistency with regard to what components should be included within a composite adverse obstetric outcome and how these components should be measured. The use of novel research methods such as concept mapping may be able to address some of the limitations with the development of composite adverse obstetric outcomes, to inform future research.",BMC pregnancy and childbirth,2021 Feb 05,2021,February,05,Dylan Herman; Kar Yee Lor; Abdul Qadree; Daphne Horn; Rohan D'Souza,Adverse pregnancy outcomes; Composite endpoints; Composite outcomes; Obstetric trials; Systematic review,10.1186/s12884-021-03588-w,https://doi.org/10.1186/s12884-021-03588-w,https://www.ncbi.nlm.nih.gov/pmc/articles/PMC7863533/,21,1,eng,England,Journal Article; Systematic Review,"Female; Humans; Infant, Newborn; Infant, Newborn, Diseases; Maternal Health; Maternal Mortality; Obstetrics; Outcome Assessment, Health Care; Perinatal Mortality; Pregnancy; Pregnancy Complications; Randomized Controlled Trials as Topic",Open Access,gold,cc-by,https://bmcpregnancychildbirth.biomedcentral.com/track/pdf/10.1186/s12884-021-03588-w
38547580,French college of gynecologists and obstetricians (CNGOF) recommendations for clinical practice: Place of breast self-examination in screening strategies.,"UNLABELLED: Breast cancer is the most common female cancer in the world. Numerous studies have shown that the risk of metastatic disease increases with tumor volume. In this context, it is useful to assess whether the regular practice of formal breast self-examination (BSE) as opposed to breast awareness has an impact on the number of cancers diagnosed, their stage, the treatments used and mortality. DESIGN: The Commission of Senology (CS) of the Collège National de Gynécologie et Obstétrique Français (CNGOF) respected and followed the Grading of Recommendations Assessment, Development and Evaluation method to assess the quality of the evidence on which the recommendations were based. METHODS: The CS studied 16 questions individualizing four groups of women (general population, women aged over 75, high-risk women, and women previously treated for breast cancer). For each situation, it was determined whether the practice of BSE versus abstention from this examination led to detection of more breast cancers and/or recurrences and/or reduced treatment and/or increased survival. RESULTS: BSE should not be recommended for women in the general population, who otherwise benefit from clinical breast examination by practitioners from the age of 25, and from organized screening from 50 to 74 (strong recommendation). In the absence of data on the benefits of BSE in patients aged over 75, for those at high risk and those previously treated for breast cancer, the CS was unable to issue recommendations. Thus, if women in these categories wish to undergo BSE, information on the benefits and risks observed in the general population must be given, notably that BSE is associated with a higher number of referrals, biopsies, and a reduced quality of life.","Breast (Edinburgh, Scotland)",2024 Jun,2024,June,,Vincent Lavoue; Amélia Favier; Sophie Franck; Gérard Boutet; Anne-Sophie Azuar; Susie Brousse; François Golfier; Catherine Uzan; Charlotte Vaysse; Sébastien Molière; Martine Boisserie-Lacroix; Edith Kermarrec; Jean-Yves Seror; Yann Delpech; Élisabeth Luporsi; Christine M Maugard; Nicolas Taris; Nathalie Chabbert-Buffet; Jonathan Sabah; Khalid Alghamdi; Xavier Fritel; Carole Mathelin,Breast cancer; Breast self-examination; Clinical examination; Palpation; Screening,10.1016/j.breast.2023.103619,https://doi.org/10.1016/j.breast.2023.103619,https://www.ncbi.nlm.nih.gov/pmc/articles/PMC10990735/,75,,eng,Netherlands,Journal Article; Practice Guideline; Review,Humans; Female; Breast Self-Examination; Breast Neoplasms/diagnosis; Aged; Middle Aged; Early Detection of Cancer/methods; France; Adult; Gynecology; Obstetrics; Gynecologists; Obstetricians,Open Access,gold,other-oa,http://www.thebreastonline.com/article/S0960977623007452/pdf
24126787,Cost-effectiveness analyses and their role in improving healthcare strategies.,"PURPOSE OF REVIEW: In this era of healthcare reform, attention is focused on increasing the quality of care and access to services, while simultaneously reducing the cost. Economic evaluations can play an important role in translating research to evidence-based practice and policy. RECENT FINDINGS: Cost-effectiveness analysis (CEA) and its utility for clinical and policy decision making among U.S. obstetricians and gynecologists is reviewed. Three case examples demonstrating the value of this methodology in decision making are considered. A discussion of the methodologic principles of CEA, the advantages, and the limitations of the methodology are presented. SUMMARY: CEA can play an important role in evidence-based decision making, with value for clinicians and policy makers alike. These studies are of particular interest in the field of obstetrics and gynecology, in which uncertainty from epidemiologic or clinical trials exists, or multiple perspectives need to be considered (maternal, neonatal, and societal). As with all research, it is essential that economic evaluations are conducted according to established methodologic standards. Interpretation and application of results should occur with a clear understanding of both the value and the limitations of economic evaluations.",Current opinion in obstetrics & gynecology,2013 Dec,2013,December,,Maria I Rodriguez; Aaron B Caughey,,10.1097/GCO.0000000000000020,https://doi.org/10.1097/GCO.0000000000000020,,25,6,eng,England,"Journal Article; Research Support, N.I.H., Extramural; Review","Cost-Benefit Analysis; Decision Making; Delivery of Health Care/economics; Delivery of Health Care/standards; Female; Gynecology/economics; Gynecology/standards; Health Services Accessibility/economics; Humans; Models, Econometric; Obstetrics/economics; Obstetrics/standards; Policy Making; Pregnancy; Quality Improvement/economics; United States",Closed Access,closed,,
34478575,ACGME Milestones in global health: Need for standardized assessment of global health training in obstetrics/gynecology residency.,"Collective interest in global health training during US obstetrics/gynecology (Ob/Gyn) residency has grown over the past decade. The benefits of participation in global health electives have been well described. This review seeks to determine what literature exists regarding the use of Accreditation Council for Graduate Medical Education (ACGME) Milestones in Ob/Gyn residency as an assessment tool to evaluate global health programs. The PubMed database was searched from July 14, 2020 to August 20, 2021, using six search phrases: ""global health curriculum(s) and ACGME""; ""international health and ACGME""; ""global health and Ob/Gyn residency""; ""international health and Ob/Gyn residency""; ""global health and Ob/Gyn residents""; and ""global health curriculum(s) and Ob/Gyn residency."" Publications that described global health programming outside of residency, within other medical specialties, and/or at non-US institutions were excluded from this review. In total, 259 publications resulted from the preliminary search. Five articles described US global health residency training in Ob/Gyn in some capacity. Only one publication described a specific global health elective and its evaluation with respect to ACGME Milestones. Despite growing popularity of global health electives among residency programs, few are assessing the educational value of these offerings using ACGME Milestones or describing these efforts in the literature.",International journal of gynaecology and obstetrics: the official organ of the International Federation of Gynaecology and Obstetrics,2022 Jun,2022,June,,Gianina M Monestime; Isabelle Baird; Andrei Rebarber; Taraneh Shirazian,ACGME Milestones; educational value; global health electives; global women's health; program evaluation and assessment; residency training,10.1002/ijgo.13914,https://doi.org/10.1002/ijgo.13914,,157,3,eng,United States,Journal Article; Review,"Accreditation; Education, Medical, Graduate; Female; Global Health; Gynecology/education; Humans; Internship and Residency; Obstetrics/education; Pregnancy",Closed Access,closed,,
36373177,A literature review and proposed framework for a core curriculum in obstetrics and gynecology for medical students globally.,"BACKGROUND: There have been challenges in deciding the curricular content in obstetrics and gynecology (Ob/Gyn) for medical students because the core knowledge, competencies, and duration of Ob/Gyn clerkships, varies widely by country. OBJECTIVES: To investigate current recommendations for Ob/Gyn curricula for medical students globally, in a rapid review of the literature and websites of a selection of medical schools. SEARCH STRATEGY: A targeted search of selected databases (PubMed and Google Scholar) using relevant key words and a search of university websites. SELECTION CRITERIA: Studies that applied to medical or undergraduate students in Ob/Gyn. DATA COLLECTION AND ANALYSIS: A standardized extraction form on Microsoft excel to extract and chart data. MAIN RESULTS: We identified recommendations from national professional bodies (Royal College of Obstetricians and Gynaecologists, Royal Australian and New Zealand College of Obstetricians and Gynaecologists, Association of Professors of Gynecology and Obstetrics, and the Turkish-National Core Curriculum), and descriptions from five university websites. We also identified additional objectives, including teaching on intimate partner violence, health priorities in low- and middle-income countries, and a variation in practical skills recommended. CONCLUSIONS: Fitting all the recommended curricula content into medical student Ob/Gyn clerkships is a challenge. A framework to address this, for consideration by the International Federation of Gynaecology and Obstetrics and other stakeholders, is proposed in which priority is given to topics related to emergency Ob/Gyn, history taking, and examination of the pregnant and non-pregnant patient.",International journal of gynaecology and obstetrics: the official organ of the International Federation of Gynaecology and Obstetrics,2023 May,2023,May,,William U Atiomo; Adrian G Stanley; Mutairu M Ezimokhai,curriculum; framework; global; gynecology; medical students; obstetrics,10.1002/ijgo.14575,https://doi.org/10.1002/ijgo.14575,,161,2,eng,United States,Journal Article; Review,"Female; Pregnancy; Humans; Gynecology/education; Students, Medical; Clinical Clerkship; Australia; Obstetrics/education; Curriculum",Closed Access,closed,,
39054061,Interventions to Address the Health and Well-Being of Married Adolescents: A Systematic Review.,"Child marriage, defined by the United Nations as marriage before the age of 18 years, is a widespread practice with serious health and social consequences. We systematically reviewed academic and gray literature to learn what is known about the current state of the evidence for interventions to respond to the needs of married adolescents. Our analysis of the 29 included intervention studies identified variability across sectors, with most programs focusing on sexual and reproductive health (SRH) and maternal health. We found that interventions occur mostly at a small scale, are geographically concentrated, and focus on SRH to the neglect of other sectors. There is a need for programs to focus on improving educational and economic outcomes among married girls, as well as increased efforts to support equitable marital relations and engage men and boys. The emphasis on preventing child marriage must be matched by efforts to mitigate and respond to the practice.","Global health, science and practice",2024 Aug 27,2024,August,27,Manahil Siddiqi; Margaret E Greene; Alexandra Stoppel; Charles Allegar,,10.9745/GHSP-D-23-00425,https://doi.org/10.9745/GHSP-D-23-00425,https://www.ncbi.nlm.nih.gov/pmc/articles/PMC11349501/,12,4,eng,United States,Journal Article; Systematic Review,Adolescent; Female; Humans; Male; Adolescent Health; Marriage; Maternal Health; Reproductive Health; Sexual Health,Open Access,gold,other-oa,https://doi.org/10.9745/ghsp-d-23-00425
39589187,Obstetrics and gynecology devices designed for low- and middle-income countries: A narrative review.,"There are many barriers contributing to poor health outcomes for women in low- and middle-income countries (LMICs), one of which is the lack of necessary medical devices. Presently, the development of various kinds of devices intended to improve women's health outcomes specifically in LMICs remains underrepresented in the literature; therefore, we performed a narrative review to understand this current state of literature. A literature search was conducted in Scopus and Overton between December 2023 to February 2024, and PubMed in October 2024 to broadly explore peer-reviewed publications focusing on understanding the development of devices used specifically in obstetrics and gynecology (OBGYN) care in LMICs. The initial search identified 132 published manuscripts: 114 non-duplicates from 1993 to 2024. After a two-research team member independent review, 22 manuscripts from 2011 to 2023 were included, and 18 devices identified. Nine devices focus on postpartum hemorrhage, four on general obstetrics, one on fetal monitoring, one on vaginal deliveries, one on gynecology hemorrhage, one on gynecology screening, and one on OBGYN anesthesia. This review provides recommendations for areas of improvement of key gaps affecting the development and implementation of OBGYN devices for use in LMICs. Recommendations are provided for various stages of the development to early commercialization phases. We believe future incorporation of these recommendations can aid in equitable and implementable medical device design for OBGYN care in LMICs.",International journal of gynaecology and obstetrics: the official organ of the International Federation of Gynaecology and Obstetrics,2025 Apr,2025,April,,Dhanalakshmi Thiyagarajan; Enaam A Adanu; K Rivet Amico,device development; global health; implementation science; obstetrics and gynecology; women’s health equity,10.1002/ijgo.16048,https://doi.org/10.1002/ijgo.16048,https://www.ncbi.nlm.nih.gov/pmc/articles/PMC11911947/,169,1,eng,United States,Journal Article; Review,"Humans; Developing Countries; Female; Pregnancy; Obstetrics/instrumentation; Gynecology/instrumentation; Delivery, Obstetric/instrumentation; Equipment Design; Postpartum Hemorrhage",Open Access,green,other-oa,https://www.ncbi.nlm.nih.gov/pmc/articles/11911947
32813436,Experiences of transgender men in seeking gynecological and reproductive health care: a qualitative systematic review.,"OBJECTIVE: The objective of this review was to evaluate the experiences of transgender men in seeking gynecological and reproductive health care. INTRODUCTION: Discrimination has led to barriers in care for the transgender community. This is most evident in gender-based care such as gynecological care. Transgender men may continue to require gynecological and reproductive health care despite having a masculine identity and appearance. It is crucial that transgender men have access to gynecological and reproductive health care that is culturally and clinically competent. This review aimed to identify and synthesize the available qualitative data about their experiences in seeking gynecological care. INCLUSION CRITERIA: This review considered all studies that included natal females who identified as transgender men, gender non-binary, gender expressive, or gender queer. It included studies that explored the experiences of transgender men seeking gynecological care, obstetrical care, fertility care, or reproductive care in all care environments. As patient experience was the primary focus of the review, only qualitative studies where the data were analyzed into findings and where participant voice was prominent were included. METHODS: The databases searched included CINAHL Complete (EBSCO), PubMed, PsycINFO (EBSCO), PsycArticles (EBSCO), ScienceDirect All Subscribed Content (Elsevier), and Web of Science. Sources of unpublished studies and gray literature searched included Google Scholar, MedNar, and ProQuest Dissertations and Theses. Databases were searched between November 2018 and January 2019. Searches were limited to studies published in English after 1979. RESULTS: Twenty-six studies met the inclusion criteria. There was a mix of studies that included only transgender men, as well as studies that included other types of participants. Appraisal of quality was undertaken by two independent reviewers and revealed common concerns found in qualitative reporting. These concerns included the researchers not acknowledging the impact they have on the data and vice versa, as well as not clearly stating the paradigm and methodological underpinnings of the research. All studies that met the inclusion criteria were included in the review regardless of quality appraisal. The 26 included studies comprised 874 participants. They yielded 86 findings and accompanying illustrations. These were categorized into 14 categories and further synthesized into five findings: i) negotiating the binary system, ii) navigating the cis-normative world, iii) healthcare access adaptive behaviors, iv) verbal and nonverbal discrimination, and v) provider knowledge and trustworthiness. CONCLUSIONS: The findings of this review revealed that transgender men face specific challenges in accessing gynecological and reproductive care. The strictly binary system requires patients to be either male or female, and does not allow for any variation in gender. Gynecological and reproductive spaces and resources are geared exclusively toward heterosexual female clients. Transgender men face discrimination that requires they develop adaptive behaviors. While some of these barriers will not be easily overcome, transgender men feel more comfortable and empowered to seek care when their providers are trusted and knowledgeable about their individualized needs. Recommendations put forth as a result of this review cover policy change, changes to education for staff and providers, changes to academic curricula, and further research.",JBI evidence synthesis,2020 Sep,2020,September,,Julia D Sbragia; Beth Vottero,,10.11124/JBISRIR-D-19-00347,https://doi.org/10.11124/JBISRIR-D-19-00347,,18,9,eng,United States,Journal Article; Systematic Review,Female; Gynecology; Humans; Male; Obstetrics; Qualitative Research; Reproductive Health; Transgender Persons,Closed Access,closed,,
33481530,"Informed Consent and Shared Decision Making in Obstetrics and Gynecology: ACOG Committee Opinion, Number 819.","Meeting the ethical obligations of informed consent requires that an obstetrician-gynecologist gives the patient adequate, accurate, and understandable information and requires that the patient has the ability to understand and reason through this information and is free to ask questions and to make an intentional and voluntary choice, which may include refusal of care or treatment. Shared decision making is a patient-centered, individualized approach to the informed consent process that involves discussion of the benefits and risks of available treatment options in the context of a patient's values and priorities. Some informed consent challenges are universal to medicine, whereas other challenges arise more commonly in the practice of obstetrics and gynecology than in other specialty areas. This Committee Opinion focuses on informed consent for adult patients in clinical practice and provides new guidance on the practical application of informed consent through shared decision making. The principles outlined in this Committee Opinion will help support the obstetrician-gynecologist in the patient-centered informed consent process.",Obstetrics and gynecology,2021 Feb 01,2021,February,01,,,10.1097/AOG.0000000000004247,https://doi.org/10.1097/AOG.0000000000004247,,137,2,eng,United States,Journal Article; Practice Guideline,"Decision Making, Shared; Female; Gynecology/ethics; Humans; Informed Consent; Obstetrics/ethics; Pregnancy",Closed Access,closed,,
31378289,"Integrated Mind/Body Care in Women's Health: A Focus on Well-Being, Mental Health, and Relationships.","Integrated care with mental health clinicians embedded in medical departments remains rare despite evidence of the need and effectiveness of such a model. Comprehensive, efficacious, and meaningful health care requires adequate attention be paid to the physiologic and the psychological symptoms of the patient. In the obstetrics/gynecology setting, myriad psychosocial concerns routinely present and cannot be adequately addressed in the current systems of care. The need is there, providers and patients have shown preference for such a structure, and the outcomes are promising. This article outlines common patient concerns in such settings and discusses possible interventions.",Obstetrics and gynecology clinics of North America,2019 Sep,2019,September,,Priya Batra,Integrated health care; Psychological concerns in OB/GYN; Well-being in women’s health; Women’s health psychology,10.1016/j.ogc.2019.04.006,https://doi.org/10.1016/j.ogc.2019.04.006,,46,3,eng,United States,Journal Article; Review,"Delivery of Health Care, Integrated; Female; Gynecology/methods; Humans; Mental Health; Mind-Body Therapies; Obstetrics/methods; Pregnancy; Psychology; Sex Offenses; United States; Women's Health",Closed Access,closed,,
9326756,Divine and rational: the reproductive health of women in ancient Egypt.,,Obstetrical & gynecological survey,1997 Oct,1997,October,,R Sullivan,Africa; Arab Countries; Behavior; Delivery Of Health Care; Delivery--complications; Delivery--history; Developing Countries; Egypt; Health; Health Personnel; Historical Survey; Literature Review; Mediterranean Countries; Northern Africa; Personality; Physicians--history; Pregnancy Outcomes; Pregnancy--history; Psychological Factors; Reproduction; Reproductive Health--history; Reproductive Health--women; Sexuality--history; Treatment,10.1097/00006254-199710000-00021,https://doi.org/10.1097/00006254-199710000-00021,,52,10,eng,United States,Historical Article; Journal Article; Review,"Egypt, Ancient; Female; Gynecology/history; History, Ancient; Humans; Obstetrics/history; Religion and Medicine; Reproduction; Sexuality/history; Women's Health",Closed Access,closed,,
31154017,Medical Options for Care of Gender Diverse and Transgender Youth.,"Increasing numbers of transgender and gender diverse (TGD) youth are presenting for medical care, including seeking more information and access to services from gynecologic and reproductive health experts. Such experts are well positioned to provide affirming, comprehensive services, including education, hormonal interventions, menstrual management, contraception, and various gynecological procedures. Early medical guidance and support for the TGD community has been associated with long-term positive emotional and physical health outcomes. In this article medical interventions that reproductive health experts can offer to their TGD patients are discussed.",Journal of pediatric and adolescent gynecology,2020 Feb,2020,February,,Juanita K Hodax; Jill Wagner; Andrew C Sackett-Taylor; Jason Rafferty; Michelle Forcier,Gender affirmative care; Gender affirming hormones; Gender diverse; Gender identity; Gender minorities; Health services for transgender persons; Transgender; Transgender gynecology,10.1016/j.jpag.2019.05.010,https://doi.org/10.1016/j.jpag.2019.05.010,,33,1,eng,United States,Journal Article; Review,Adolescent; Delivery of Health Care/methods; Female; Gynecology/standards; Humans; Male; Reproductive Health/standards; Transgender Persons,Closed Access,closed,,
30935754,Leveraging resources for obstetric venous thromboembolism prevention in a state safety collaborative.,"In recent years, state obstetric quality and maternal safety initiatives have led efforts to reduce maternal risk and improve maternal safety. A priority of many of these collaboratives has been to disseminate and implement safety bundles focusing on leading causes of maternal mortality including venous thromboembolism. In 2013, the Safe Motherhood Initiative (SMI), a quality improvement effort led by ACOG District II in New York State, began developing a VTE bundle reviewed available clinical evidence, practice guidelines, and protocols and assessed how hospitals with varying resources could implement standardized approaches to obstetric thromboembolism prophylaxis. This bundle was subsequently released for implementation in New York State's hospitals with support from SMI. The purpose of this review is to characterize, from the perspective of a state safety leadership collaborative, the resources that were most critical in assisting individual hospitals in (i) determining which VTE prophylaxis strategies would be adopted, and (ii) operationalizing implementation.",Seminars in perinatology,2019 Jun,2019,June,,Alexander M Friedman; Mary E D'Alton,Maternal morbidity; Maternal safety; Obstetric thromboembolism; Venous thromboembolism,10.1053/j.semperi.2019.03.002,https://doi.org/10.1053/j.semperi.2019.03.002,,43,4,eng,United States,Journal Article; Review,"Female; Gynecology/methods; Hospitalization; Humans; Maternal Mortality; New York/epidemiology; Obstetrics/methods; Patient Safety; Practice Guidelines as Topic; Pregnancy; Pregnancy Complications, Cardiovascular/epidemiology; Pregnancy Complications, Cardiovascular/prevention & control; Risk Factors; Venous Thromboembolism/complications; Venous Thromboembolism/epidemiology; Venous Thromboembolism/prevention & control",Closed Access,closed,,
26333631,Laborist to Obstetrician/Gynecologist-Hospitalist: An Evolution or a Revolution?,"The laborist model offers the best approach to standardize care and improve patient safety on the labor unit, improve physician well-being, and decrease physician dissatisfaction/burnout. The concept of the laborist was based on the hospitalist model. The laborist is free of the stresses of a private practice, works a constant and controllable schedule, and can have work shift limitations, thereby eliminating the issue of fatigue and impairment, and improving patient safety while decreasing the potential for adverse outcomes that may result in a liability action. This is what is being demanded both by patients and generation Y physicians.",Obstetrics and gynecology clinics of North America,2015 Sep,2015,September,,Louis Weinstein,Gynecology; Hospitalist; Laborist; Obstetrics,10.1016/j.ogc.2015.05.001,https://doi.org/10.1016/j.ogc.2015.05.001,,42,3,eng,United States,Journal Article; Review,"Burnout, Professional; Clinical Competence; Delivery of Health Care/organization & administration; Female; Gynecology/organization & administration; Gynecology/trends; Hospitalists/organization & administration; Hospitalists/trends; Hospitalization; Humans; Institutional Practice/organization & administration; Institutional Practice/trends; Obstetrics/organization & administration; Obstetrics/trends; Patient Safety; Physician's Role; Pregnancy; Professional Practice; Quality of Health Care/organization & administration; United States",Closed Access,closed,,
16293072,Color Doppler sonography in obstetrics and gynecology.,"This review aims to provide the reader with an overview of the present and future clinical applications in color Doppler sonography for the evaluation of vascularity and blood flow within the uterus (both gravid and nongravid), ovaries, fetus and placenta. The clinical use of color Doppler sonography has been demonstrated within many organ systems. Color Doppler sonography has become an integral part of cardiovascular imaging. Significant improvements have recently occurred, improving the visualization and evaluation of intra-organ vascularity, resulting from enhancements in delineation of tissue detail through electronic compounding and harmonics, as well as enhancements in signal processing of frequency- and/or amplitude-based color Doppler sonography. Spatial representation of vascularity can be improved by utilizing 3D and 4D (live 3D) processing. Greater sensitivity of color Doppler sonography to macro- and microvascular flow has provided improved anatomic and physiologic assessment throughout pregnancy and for pelvic organs. The potential use of contrast enhancement is also mentioned as a means to further differentiate benign from malignant ovarian lesions. The rapid development of these new sonographic techniques will continue to enlarge the scope of clinical applications in a variety of obstetric and gynecologic disorders.",Expert review of medical devices,2005 Sep,2005,September,,Arthur C Fleischer; Rochelle F Andreotti,,10.1586/17434440.2.5.605,https://doi.org/10.1586/17434440.2.5.605,,2,5,eng,England,Journal Article; Review,"Female; Genital Diseases, Female/diagnostic imaging; Gynecology/instrumentation; Gynecology/methods; Gynecology/trends; Humans; Image Enhancement/instrumentation; Image Enhancement/methods; Imaging, Three-Dimensional/instrumentation; Imaging, Three-Dimensional/methods; Imaging, Three-Dimensional/trends; Obstetrics/instrumentation; Obstetrics/methods; Obstetrics/trends; Pregnancy; Ultrasonography, Doppler, Color/instrumentation; Ultrasonography, Doppler, Color/methods; Ultrasonography, Doppler, Color/trends; Ultrasonography, Prenatal/instrumentation; Ultrasonography, Prenatal/methods; Ultrasonography, Prenatal/trends",Closed Access,closed,,
14644804,Reproductive health and obstetricians and gynecologists.,"The art of medicine provides a rare opportunity to understand human values and to contribute toward the well-being of one's fellow humans--women in the case of ob-gyn--a contribution that fits in with the mission of the International Federation of Gynaecology Obstetrics (FIGO). Obstetricians and gynecologists should indeed take it upon themselves to improve conditions for women, since the bond and respect between the two is a significant one. It is obstetricians-gynecologists who can provide the much needed technical information to throw light on justifying services that deal with devastating, debilitating, degenerating, and devaluating situations, such as neglected pregnancy, disregard toward cancer detection, and humiliating genital mutilation. Indeed, this can be termed as ""terrorism in ob-gyn,"" neglected by those who should deal with it. Those in ob-gyn and other medical professions clearly witness gender inequality and its ugly aftermath, a degradation of women's reproductive rights. Ob-gyn must look a little beyond just the lucrative practice of the plain science of obstetrics and gynecology and undertake the responsibility to help and protect the health and life of women around the world. A conscientious doctor cannot practice medicine on women's bodies alone, but must also ""practice"" against several social evils, the prevention of which is crucial to women's health. Obstetricians and gynecologists can utilize their access to policymakers and health ""builders"" to carry this brief for women's health, and can urge governments to take a second look at women's rights to ensure that they are on par with the accepted norms of human rights, to be protected and propagated.",Annals of the New York Academy of Sciences,2003 Nov,2003,November,,Shirish S Sheth,,10.1196/annals.1290.002,https://doi.org/10.1196/annals.1290.002,,997,,eng,United States,Journal Article; Review,"Adult; Attitude of Health Personnel; Female; Forecasting; Gynecology/standards; Gynecology/trends; Human Rights; Humans; India; Maternal Mortality/trends; Middle Aged; Needs Assessment; Obstetrics/standards; Obstetrics/trends; Practice Patterns, Physicians'; Pregnancy; Reproductive Medicine/standards; Reproductive Medicine/trends; Socioeconomic Factors; Women's Rights",Closed Access,closed,,
35831757,Application of test-enhanced learning (TEL) in obstetrics and gynecology: a prospective study.,"OBJECTIVE: Clinical reasoning is an essential skill, the foundations of which should be acquired during medical school. Within the format of test-based learning, such examinations can also be used to support the long-term retention of procedural knowledge necessary for clinical reasoning. The aim was to investigate whether repeated exposure to clinical cases in obstetrics and gynecology (OBGYN) with built-in questions leads to higher learning outcome than pure reading cases and what influence the delay between the intervention and the final test has on the retention of the respective content. METHODS: In this non-randomised crossover study, 5th-year medical students (duration of the study is 6 years) taking a 1-week clinical attachment in OBGYN participated in computer-based case seminars in winter term 2020/2021, in which different case histories on gynecological-obstetric diseases were presented. Case content was identical for all groups, but the presentation format (cases with key feature questions vs read-only cases) of individual case vignettes changed weekly. The also intervention was repeated after 2 weeks for each group. Knowledge was assessed in an entry and an exit exam consisting of 40 short-answer questions. RESULTS: A total of 94 out of 118 eligible students participated in the study (response rate: 79.7%). Learning outcome was significantly higher for items presented in the key feature format compared to items presented as read-only cases (74.2 ± 8.6% vs. 71.0 ± 9.2%; p = 0.017). Furthermore, the analysis showed that the temporal distance of the intervention package from the final examination had no influence on retention. CONCLUSION: This is the first study to demonstrate an effect of test-enhanced learning on clinical reasoning in the subject of OGBYN. In this cross-over study, repeated testing was more effective than repeated case-based learning alone. Curricular implementation of longitudinal key feature testing can thus improve learning outcomes for OBGYN.",Archives of gynecology and obstetrics,2022 Nov,2022,November,,Florian Recker; Nicolas Haverkamp; Alexander Mustea; Ulrich Gembruch; Tobias Raupach,Gynecology; Medical education; Obstetrics; Test-enhanced learning,10.1007/s00404-022-06656-4,https://doi.org/10.1007/s00404-022-06656-4,https://www.ncbi.nlm.nih.gov/pmc/articles/PMC9281379/,306,5,eng,Germany,Clinical Trial; Journal Article,"Cross-Over Studies; Education, Medical/methods; Educational Measurement; Gynecology/education; Humans; Learning; Obstetrics/education; Prospective Studies; Students, Medical/psychology",Open Access,hybrid,cc-by,https://link.springer.com/content/pdf/10.1007/s00404-022-06656-4.pdf
31677758,Coding and Legal Issues in Obstetric and Gynecologic Ultrasound.,"This article addresses coding and liability related to obstetric and gynecologic ultrasound examinations. The coding section includes an overview of general concepts, highlighting the differences between coding in hospital-owned facilities and provider-owned clinics. It also addresses the importance of correct International Classification of Diseases, 10th edition, coding, emphasizing the use of the most specific applicable codes. This section discusses proper coding and applicable parameters for early pregnancy and gynecologic ultrasound examination. The liability section addresses common errors leading to litigation in obstetric and gynecologic ultrasound practice. Examples are given demonstrating how such errors lead to liability actions.",Obstetrics and gynecology clinics of North America,2019 Dec,2019,December,,James M Shwayder; Joshua A Copel; Hindi Stohl,Coding; Early pregnancy ultrasound; Gynecologic ultrasound; Liability; Obstetric ultrasound; Pelvic ultrasound; Ultrasound,10.1016/j.ogc.2019.07.012,https://doi.org/10.1016/j.ogc.2019.07.012,,46,4,eng,United States,Journal Article; Review,"Clinical Coding/legislation & jurisprudence; Clinical Coding/methods; Clinical Coding/standards; Diagnostic Imaging; Female; Fetus/diagnostic imaging; Genitalia, Female/diagnostic imaging; Gynecology/economics; Gynecology/legislation & jurisprudence; Gynecology/standards; Humans; Liability, Legal; Obstetrics/economics; Obstetrics/legislation & jurisprudence; Obstetrics/standards; Pregnancy; Radiology/economics; Radiology/legislation & jurisprudence; Radiology/standards; Ultrasonography/economics; Ultrasonography/methods; Ultrasonography/standards",Closed Access,closed,,
14603140,Behavioral health care integration in obstetrics and gynecology.,"Depression, anxiety, and somatoform disorders are 2 to 3 times more prevalent in women than in men. Since the advent of managed care and other pressures on the healthcare delivery system in the United States, there has been a notable diminishment of services and service funding for treatment of mental health conditions, whether they are temporary, transitional, or chronic. As a result of this trend, we have seen an increase in the number of patients seeking help for emotional and mental health concerns from their family doctors or, in the case of women, from their obstetrician-gynecologists. We have also found that emotional and mental health problems are often converted into physical symptomatology that carries fewer stigmas and is often viewed as easier to treat. Many women use their obstetrician-gynecologists for primary care, particularly during their reproductive years. Provision of behavioral healthcare is critical to health maintenance for many of these women. Barriers to the integration of behavioral healthcare into obstetrics and gynecology practice need to be understood and systemically addressed.",MedGenMed : Medscape general medicine,2003 May 14,2003,May,14,Jean M Cassidy; Virginia A Boyle; Hal C Lawrence,,,,,5,2,eng,United States,Journal Article; Review,Female; Gynecology/statistics & numerical data; Gynecology/trends; Health Services Accessibility/statistics & numerical data; Health Services Accessibility/trends; Humans; Mental Health Services/statistics & numerical data; Mental Health Services/trends; Obstetrics/statistics & numerical data; Obstetrics/trends; Women's Health Services/statistics & numerical data; Women's Health Services/trends,Unknown,,,
27129745,Survey by the European Board and College of Obstetrics and Gynaecology on screening for gestational diabetes in Europe.,"OBJECTIVES: More uniformity is necessary in screening and diagnosis for gestational diabetes (GDM) across Europe. The European Board and College of Obstetrics and Gynaecology (EBCOG) has recently recommended to use the 2013 World Health Organization (WHO) criteria for the diagnosis of GDM. We evaluated the uptake of these EBCOG recommendations in guidelines for GDM screening across Europe. METHODS: Between September and November 2015, an online survey on the current national or regional recommendations for GDM screening was directed to the 33 European countries that are members of EBCOG. RESULTS: There was a response rate of 84.8% (28 countries). From Belgium, data were separately obtained from the Dutch-and the French-speaking parts and from the UK data were also obtained from Scotland, leading to data from 30 responders. The response rates were high in Central Europe (100%), Northern Europe (100%) and Southern Europe (85.7%) with lower response rates in Eastern Europe (71.4%). 82.1% of guidelines recommend screening for unknown diabetes at first prenatal visit and 67.9% recommend to screen for GDM before 24 weeks of pregnancy. All guidelines recommend to screen for GDM ≥24 weeks, based on risk factors in 64.3% and by universal screening in 35.7%. The most commonly used diagnostic criteria for GDM are the 2013 WHO criteria in 67.9%, the 1999 WHO criteria in 10.7%, the European Association for the Study of Diabetes criteria in 7.1% and the Carpenter & Coustan criteria in 7.1%. Of all societies advising the use of the 2013 WHO criteria, 52.6% recommends this based on risk factors, 10.5% recommends universal screening in a two-step strategy and 36.8% recommends a universal one-step approach with a 75g OGTT. CONCLUSIONS: Our survey shows that the majority of European societies now advise to use the 2013 WHO criteria for GDM. However, only 36.8% recommends a universal one-step approach with a 75g OGTT with the majority of societies recommending screening based on risk factors. The use of common diagnostic criteria for GDM by the majority of societies is an important first step towards achieving uniformity in GDM screening across Europe.","European journal of obstetrics, gynecology, and reproductive biology",2016 Jun,2016,June,,Katrien Benhalima; Chantal Mathieu; André Van Assche; Peter Damm; Roland Devlieger; Tahir Mahmood; Fidelma Dunne,Criteria; Europe; Gestational diabetes; Screening; Survey,10.1016/j.ejogrb.2016.04.003,https://doi.org/10.1016/j.ejogrb.2016.04.003,,201,,eng,Ireland,Journal Article; Review,"Diabetes, Gestational/diagnosis; Europe; Female; Glucose Tolerance Test; Gynecology; Humans; Mass Screening; Obstetrics; Pregnancy; Risk Factors; World Health Organization",Closed Access,closed,,
26059737,Pedagogical Implications of Partnerships Between Psychiatry and Obstetrics-Gynecology in Caring for Patients with Major Mental Disorders.,"OBJECTIVE: Because there are no formal reviews, the authors set out to identify and describe programs that serve female patients with major mental disorders by integrating mental health care with services in obstetrics and gynecology and to describe the pedagogical implications of those programs. METHOD: The authors searched PubMed for all articles describing a program in which psychiatry was formally integrated with obstetric or gynecological services, other than standard consultation-liaison programs, in the care of patients with major mental disorders. The search terms used included interdisciplinary, interprofessional, integrated, collaborative care, psychiatry, and obstetrics-gynecology or psychosomatic obstetrics-gynecology. RESULTS: The authors found six distinct integrated programs. These included family planning clinics that were integrated into inpatient psychiatry services; inpatient and outpatient psychiatry services for pregnant mentally ill women in close collaboration with obstetric services; a day hospital for pregnant women with psychiatric disorders in an obstetric setting; an interdisciplinary training site providing care for predominantly depressed, low-income, and minority women; a primary care HIV service for women integrated with departments of obstetrics-gynecology and psychiatry; and an obstetrics-gynecology clinic-based collaborative depression care intervention for socially disadvantaged women. Residents' involvement was described in four of the programs. CONCLUSIONS: These innovative and integrated programs potentially enhance the care of vulnerable and culturally diverse women with major mental disorders. The authors discuss how these programs may contribute to the education of residents in psychiatry and obstetrics-gynecology.",Academic psychiatry : the journal of the American Association of Directors of Psychiatric Residency Training and the Association for Academic Psychiatry,2015 Aug,2015,August,,John Coverdale; Laura Weiss Roberts; Richard Balon; Eugene V Beresin,,10.1007/s40596-015-0364-3,https://doi.org/10.1007/s40596-015-0364-3,,39,4,eng,United States,Journal Article; Review,"Cooperative Behavior; Delivery of Health Care, Integrated; Female; Gynecology/education; Gynecology/methods; Humans; Mental Disorders/therapy; Obstetrics/education; Obstetrics/methods; Psychiatry/education; Psychiatry/methods",Closed Access,closed,,
25175693,True Reproducibility of UltraSound Techniques (TRUST): systematic review of reliability studies in obstetrics and gynecology.,"OBJECTIVES: To examine the quality of methods used and the accuracy of the interpretation of agreement in existing studies that examine the reliability of ultrasound measurements and judgments in obstetrics and gynecology. METHODS: A systematic search of MEDLINE was performed on 25 March 2014, looking for studies that examined the reliability of ultrasound measurements and judgments in obstetrics and gynecology with evaluation of concordance (CCC) or intraclass (ICC) correlation coefficients or kappa as a main objective. RESULTS: Seven hundred and thirty-three records were examined on the basis of their title and abstract, of which 141 full-text articles were examined completely for eligibility. We excluded 29 studies because they did not report CCC/ICC/kappa, leaving 112 studies that were included in our analysis. Two studies reported both ICC and kappa and were counted twice, therefore, the number used as the denominator in the analyses was 114. Only 16/114 (14.0%) studies were considered to be well designed (independent acquisition and blinded analysis) and to have interpreted the results properly. Most errors occurring in the studies are likely to overestimate the reliability of the method examined. CONCLUSIONS: The vast majority of published studies examined had important flaws in design, interpretation and/or reporting. Such limitations are important to identify as they might create false confidence in the existing measurements and judgments, jeopardizing clinical practice and future research. Specific guidelines aimed at improving the quality of reproducibility studies that examine ultrasound methods should be encouraged.",Ultrasound in obstetrics & gynecology : the official journal of the International Society of Ultrasound in Obstetrics and Gynecology,2015 Jul,2015,July,,M A Coelho Neto; P Roncato; C O Nastri; W P Martins,gynecology; obstetrics; reproducibility of results; ultrasound,10.1002/uog.14654,https://doi.org/10.1002/uog.14654,,46,1,eng,England,Journal Article; Review; Systematic Review,"Female; Gynecology/standards; Humans; Obstetrics/standards; Pregnancy; Reproducibility of Results; Ultrasonography/standards; Ultrasonography, Prenatal/standards",Open Access,green,other-oa,http://doi.org/10.1002/uog.14654
33655930,The effectiveness of problem-based learning in gynecology and obstetrics education in China: A meta-analysis of randomized controlled trials.,"BACKGROUND: A meta-analysis was conducted to assess the effectiveness of problem-based learning (PBL) in gynecology and obstetrics education in China. METHODS: English and Chinese databases were systematically searched for eligible studies that compared the effects of PBL and traditional teaching methods measuring theoretical knowledge, student satisfaction, clinical operations, and clinical practice scores in gynecology and obstetrics education in China. The authors restricted included studies to randomized controlled trials and performed a meta-analysis. Standardized mean difference (SMD) and risk ratio with 95% confidence interval (CI) were estimated. RESULTS: A total of 38 randomized controlled trials with 3005 participants were included. Compared with traditional teaching group, the PBL group significantly increased theoretical knowledge scores (SMD: 3.17, 95% CI: 2.28, 4.07), student satisfaction (risk ratio: 1.29, 95% CI: 1.16, 1.43), clinical operations (SMD: 1.15, 95% CI: 0.93, 1.37) and clinical practice (SMD: 2.17, 95% CI: 3.63, 2.71). CONCLUSION: The current research shows that PBL in gynecology and obstetrics education in China is more effective than the traditional teaching in enhancing theoretical knowledge, student satisfaction, clinical operations, and clinical practice scores. However, more delicate-designed studies on this topic are needed in the future to validate these results.",Medicine,2021 Mar 05,2021,March,05,Siwei Bi; Ruiqi Liu; Jingyi Li; Jun Gu,,10.1097/MD.0000000000024660,https://doi.org/10.1097/MD.0000000000024660,https://www.ncbi.nlm.nih.gov/pmc/articles/PMC7939176/,100,9,eng,United States,Journal Article; Meta-Analysis; Systematic Review,"China; Education, Medical/methods; Educational Measurement; Female; Gynecology/education; Humans; Obstetrics/education; Pregnancy; Problem-Based Learning/methods; Randomized Controlled Trials as Topic",Open Access,gold,cc-by,https://doi.org/10.1097/md.0000000000024660
31344004,Organizational Strategies to Create a Burnout-resistant Environment.,"Burnout afflicts a significant number of academic faculty and clinicians. There are many efforts the individual can undertake to prevent or lessen burnout. However, it not likely these will be successful without the institutional environment that promotes and atmosphere that assures self-efficacy, a sense of value and meaning and clear communication between leaders and members of the organization. This review discusses the factors that organizations and their leaders can leverage to create such an environment. Such measures are critically important not only for the health of the individual but to the organization as well.",Clinical obstetrics and gynecology,2019 Sep,2019,September,,Philip F Binkley; Edward Levine,,10.1097/GRF.0000000000000459,https://doi.org/10.1097/GRF.0000000000000459,,62,3,eng,United States,Journal Article; Review,"Adult; Burnout, Professional/prevention & control; Female; Gynecology/organization & administration; Humans; Leadership; Male; Middle Aged; Obstetrics/organization & administration; Pregnancy; Self Efficacy; Workplace/organization & administration; Workplace/psychology",Closed Access,closed,,
37874378,Anatomical knowledge retention in Obstetrics and Gynaecology residents and impact of an e-learning tool.,"PURPOSE: Anatomical knowledge of medical students and residents is insufficient and further anatomical sciences throughout medical curriculum may be necessary. The first aim of this study was to assess pelvic and perineal anatomical knowledge retention of Obstetrics and Gynaecology (Ob/Gyn) residents. The second was to assess the impact of an e-learning tool on anatomical knowledge. METHODS: A survey was sent by mail to medical students and Ob/Gyn residents. After completion, Ob/Gyn residents were randomised to ""e-learning"" group or to ""Control"" group. ""E-learning"" group had an unlimited access to a tool about female pelvic and perineum anatomy, implemented by iMAIOS society in their online platform. A second assessment of residents' anatomical knowledge was done 2 months after randomisation. RESULTS: Ob/Gyn residents (N = 23) had a significant lower global score than third-year medical students (N = 103) (22.1% (± 10.2) vs 43.8% (± 12.1), p < 0.0001). Two months after randomisation, residents of ""control"" group demonstrated no significant difference between the two questionnaires (3.6%, p = 0.31), whilst the ""e-learning"" group demonstrated a significant increase overall (10.6%, p = 0.09). There was no significant difference on the post-intervention questionnaire between control and ""e-learning"" group (25.4% vs 33% respectively, p = 0.34). CONCLUSION: Knowledge of pelvic and perineal anatomy is poor. This e-learning tool aimed at improving anatomical knowledge retention but is not sufficient. A combination of traditional approaches and innovative solutions should be proposed throughout medical school and residency to maintain anatomical knowledge.",Surgical and radiologic anatomy : SRA,2023 Dec,2023,December,,Martha Duraes; Guillaume Captier; Antoine Micheau; Denis Hoa; Gauthier Rathat,Gross anatomy education; Knowledge retention; Medical education; Pelvic and perineal anatomy,10.1007/s00276-023-03254-0,https://doi.org/10.1007/s00276-023-03254-0,,45,12,eng,Germany,Journal Article; Randomized Controlled Trial,Female; Humans; Pregnancy; Computer-Assisted Instruction; Curriculum; Educational Measurement; Gynecology/education; Obstetrics/education,Closed Access,closed,,
26333636,The Role of Obstetrics/Gynecology Hospitalists in Reducing Maternal Mortality.,"The United States experienced a 6.1% annual increase in the maternal death rate from 2000 to 2013. Maternal deaths from hemorrhage and complications of preeclampsia are significant contributors to the maternal death rate. Many of these deaths are preventable. By virtue of their continuous care of laboring patients, active involvement in hospital safety initiatives, and immediate availability, obstetric hospitalists are uniquely positioned to evaluate patients, initiate care, and coordinate a multidisciplinary effort. In cases of significant maternal hemorrhage, hypertensive crisis, and acute pulmonary edema, the availability of an obstetrics hospitalist may facilitate improved patient safety and fewer maternal deaths.",Obstetrics and gynecology clinics of North America,2015 Sep,2015,September,,Tobey A Stevens; Laurie S Swaim; Steven L Clark,Hypertensive crisis; Maternal morbidity; Maternal mortality; OB/GYN hospitalist; Postpartum hemorrhage; Pregnancy-associated hypertension; Pulmonary edema,10.1016/j.ogc.2015.05.005,https://doi.org/10.1016/j.ogc.2015.05.005,,42,3,eng,United States,Journal Article; Review,"Clinical Protocols; Continuity of Patient Care/organization & administration; Female; Gynecology/methods; Gynecology/standards; Hospitalists; Humans; Hypertension, Pregnancy-Induced/mortality; Hypertension, Pregnancy-Induced/prevention & control; Labor, Obstetric; Maternal Mortality/trends; Obstetrics/methods; Obstetrics/standards; Patient Safety; Postpartum Hemorrhage/mortality; Postpartum Hemorrhage/prevention & control; Pre-Eclampsia/mortality; Pre-Eclampsia/prevention & control; Pregnancy; Pregnancy Complications/mortality; Pregnancy Complications/prevention & control; Pulmonary Embolism/mortality; Pulmonary Embolism/prevention & control; Referral and Consultation; United States/epidemiology",Closed Access,closed,,
31923056,Patient Decision Aids to Facilitate Shared Decision Making in Obstetrics and Gynecology: A Systematic Review and Meta-analysis.,"OBJECTIVE: To assess the effectiveness of patient decision aids to facilitate shared decision making in obstetrics and gynecology. DATA SOURCES: We searched ClinicalTrials.gov, MEDLINE, CENTRAL, Cochrane Gynaecology and Fertility specialized register, CINAHL, and EMBASE from 1946 to July 2019. METHODS OF STUDY SELECTION: We selected randomized controlled trials comparing patient decision aids with usual clinical practice or a control intervention. TABULATION, INTEGRATION, AND RESULTS: Thirty-five randomized controlled trials, which reported data from 9,790 women, were included. Patient decision aids were evaluated within a wide range of clinical scenarios relevant to obstetrics and gynecology, including contraception, vaginal birth after cesarean delivery, and pelvic organ prolapse. Study characteristics and quality were recorded for each study. The meta-analysis was based on random-effects methods for pooled data. A standardized mean difference of 0.2 is considered small, 0.5 moderate, and 0.8 large. When compared with usual clinical practice, the use of patient decision aids reduced decisional conflict (standardized mean difference -0.23; 95% CI -0.36, to -0.11; 19 trials; 4,624 women) and improved patient knowledge (standardized mean difference 0.58; 95% CI 0.44 to 0.71; 17 trials; 4,375 women). There was no difference in patient anxiety (standardized mean difference -0.04; 95% CI -0.14 to 0.06; 12 trials; 2,714 women) or satisfaction (standardized mean difference 0.17; 95% CI 0.09 to 0.24; 6 trials; 2,718 women). CONCLUSION: Patient decision aids are effective in facilitating shared decision making and can be helpful in clinical practice to support patient centered care informed by the best evidence. SYSTEMATIC REVIEW REGISTRATION: PROSPERO International Register of Systematic Reviews, www.crd.york.ac.uk/prospero/89953, CRD42018089953.",Obstetrics and gynecology,2020 Feb,2020,February,,Amanda J Poprzeczny; Katie Stocking; Marian Showell; James M N Duffy,,10.1097/AOG.0000000000003664,https://doi.org/10.1097/AOG.0000000000003664,,135,2,eng,United States,Journal Article; Meta-Analysis; Systematic Review,"Decision Making, Shared; Decision Support Techniques; Female; Gynecology/methods; Humans; Obstetrics/methods; Patient Participation; Pregnancy; Randomized Controlled Trials as Topic",Closed Access,closed,,
24890681,Obstetrics and gynaecology training in Europe needs a next step.,"Changing societal demands on doctors necessitate changes in the training of gynaecologists. Adapting this training will need well-thought-out and comprehensive planning that addresses the needs of the major stakeholders: society, patients, and doctors themselves. Doctors need to be cognizant of societal issues such as rapidly rising healthcare costs and budgetary crises, and be able to participate in the solutions. This demands effective medical leadership, which has been a neglected area in postgraduate training. It has become increasingly evident that a holistic view of the patient rooted in proper teamwork and systems-based practice is essential to provide patient-centered care. Specialists need to expand their skill set to participate in this kind of care. Furthermore, the feminisation of the medical profession and a new generation of doctors rejecting the constraints of the traditional model of medical care introduce new professional perspectives. This manuscript briefly reviews the challenges faced in the training of European gynaecologists in an effort to provoke discussion about how to best train the gynaecologists of the future.","European journal of obstetrics, gynecology, and reproductive biology",2014 Sep,2014,September,,Fedde Scheele; Ziva Novak; Klaus Vetter; Nicolette Caccia; Angelique Goverde,Competencies; EBCOG; Europe; Medical education; Specialists; Training,10.1016/j.ejogrb.2014.04.014,https://doi.org/10.1016/j.ejogrb.2014.04.014,,180,,eng,Ireland,Journal Article; Review,"Clinical Competence; Education, Medical, Graduate; Europe; Gynecology/education; Humans; Leadership; Obstetrics/education; Patient-Centered Care; Professional Competence",Closed Access,closed,,
29138033,Randomized trial of high- and low-fidelity simulation to teach intrauterine contraception placement.,"BACKGROUND: High-fidelity simulation creates conditions that resemble real circumstances, and can help teach procedures such as intrauterine contraception placement. Its impact on skill retention has not been studied. OBJECTIVE: We sought to evaluate novice learners' skills, attitudes, and knowledge on placement of intrauterine contraception when trained using a high-fidelity commercially available simulator compared with a low-fidelity simulator. STUDY DESIGN: We recruited senior nurse practitioner students and interns in obstetrics and gynecology and family medicine inexperienced with intrauterine contraception placement. In this unblinded, randomized controlled trial, participants were assigned to practice within a high-fidelity simulator group or a coasterlike model group. We evaluated intrauterine contraception placement skills, self-perceived comfort and competence, and knowledge before and after simulation, as well as at 3 months. Our primary outcome was the change in scores for intrauterine contraception placement skills before and after practice. Assuming a standard deviation of 15 points, we needed 10 participants per group to detect a 20-point difference in scores with 80% power. RESULTS: From June through July 2014, 60 participants enrolled; 59 completed the initial study visit and 1 withdrew. In all, 48 (80%) completed the second study visit at 3 months. Demographic characteristics were similar for the randomization groups. We observed an improvement in intrauterine contraception placement skills for both groups following practice on simulators (P < .01); the proportion that improved was similar (20% for the high-fidelity simulator group and 15% for the coaster group, P = .55). Increases in self-perceived comfort and competence with placing copper, levonorgestrel 52-mg, and levonorgestrel 13.5-mg devices were similar (all P ≥ .11). Knowledge assessment scores were comparable between the 2 groups postsimulation (73% for the high-fidelity simulator group and 80% for the coaster group, P = .29) and at 3 months (87% for both groups, P = 1.0). CONCLUSION: Trainees' knowledge, intrauterine contraception placement skills, and self-perceived comfort and competence were comparable whether they used high- or low-fidelity simulators.",American journal of obstetrics and gynecology,2018 Feb,2018,February,,Siripanth Nippita; Miriam J Haviland; Sara F Voit; Judith Perez-Peralta; Michele R Hacker; Maureen E Paul,contraception; education; intrauterine device; simulation training,10.1016/j.ajog.2017.11.553,https://doi.org/10.1016/j.ajog.2017.11.553,,218,2,eng,United States,"Journal Article; Randomized Controlled Trial; Research Support, Non-U.S. Gov't",Adult; Clinical Competence; Family Practice/education; Female; Follow-Up Studies; Gynecology/education; Humans; Internship and Residency; Intrauterine Devices; Male; Nurse Practitioners/education; Obstetrics/education; Simulation Training/methods; United States,Closed Access,closed,,
36574875,Mobilizing the fourth trimester to improve population health: interventions for postpartum transitions of care.,"Birthing people in the United States, particularly those from marginalized communities, experience an unexpectedly high rate of morbidity and mortality. Optimal postpartum care is an opportunity to address immediate maternal health concerns while providing a connection to further high-value primary care. However, postpartum care in the United States is fragmented and incomplete. In response to this failure, the American College of Obstetricians and Gynecologists has called for obstetricians to develop individualized care plans that facilitate transitions from obstetrical to primary care after delivery. In this clinical opinion, we review previous interventions that have aimed to increase postpartum care engagement and bridge gaps in care. Although numerous interventions have been trialed, few have been both successful and scalable. We provide recommendations on ways to reimagine equitable and effective postpartum care interventions with multidisciplinary collaboration.",American journal of obstetrics and gynecology,2023 Jul,2023,July,,Sara E K Phillips; Ann C Celi; Alexandra Wehbe; Jasmine Kaduthodil; Chloe A Zera,fourth trimester; maternal health disparities; population health; postpartum care engagement; solutions to postpartum care fragmentation,10.1016/j.ajog.2022.12.309,https://doi.org/10.1016/j.ajog.2022.12.309,,229,1,eng,United States,Review; Journal Article,Pregnancy; Female; United States; Humans; Postpartum Period; Maternal Health; Obstetrics; Pregnancy Trimesters; Population Health,Closed Access,closed,,
11496162,"Practice trends in outpatient obstetrics and gynecology: findings of the Collaborative Ambulatory Research Network, 1995--2000.","UNLABELLED: Historically, obstetrics and gynecology has been a medical/surgical specialty focusing on women's health and reproductive concerns during the childbearing years. Newer responsibilities-for example, in primary care, gerontology, and genetics-require Ob-Gyns to draw upon a base of medical knowledge that traditionally was not considered germane to their practices. Ob-Gyns are increasingly providing more primary care services to their patients; consequently, the field has expanded considerably. The Collaborative Ambulatory Research Network (CARN) was created in 1990 as a vehicle for investigating issues pertinent to women's health and to the practice of obstetrics and gynecology in the outpatient setting. This article summarizes the findings of CARN studies from 1995 to 2000, covering a range of topics related to women's health across the life cycle, including, but not limited to perinatal care. Topics include nutrition, infectious disease, hormone replacement therapy, psychosocial issues, and genetic testing in obstetric and gynecologic practice. Each study produced a picture of current practice patterns and knowledge of the physicians surveyed. Findings on knowledge, attitudes, and practices varied widely. Overall, Ob-Gyns were knowledgeable and consistent in more traditional areas of practice. Conversely, inconsistencies were observed in newer areas. TARGET AUDIENCE: Obstetricians & Gynecologists, Family Physicians LEARNING OBJECTIVES: After completion of this article, the reader will be able to define what the Collaborative Ambulatory Research Network (CARN) involves, describe how CARN obtains its data, and summarize some of the findings of CARN from the years 1995 to 2000.",Obstetrical & gynecological survey,2001 Aug,2001,August,,L D Hill; K Erickson; G B Holzman; M L Power; J Schulkin,,10.1097/00006254-200108000-00024,https://doi.org/10.1097/00006254-200108000-00024,,56,8,eng,United States,"Journal Article; Research Support, U.S. Gov't, P.H.S.; Review","Adult; Aged; Aged, 80 and over; Ambulatory Care/trends; Female; Gynecology/trends; Humans; Male; Middle Aged; Obstetrics/trends; Practice Guidelines as Topic; Practice Patterns, Physicians'/trends; Surveys and Questionnaires; United States",Closed Access,closed,,
1923180,Interpreting the literature in obstetrics and gynecology: II. Logistic regression and related issues.,"The goal of epidemiology is accurate measure of the relationship between an exposure and a disease of interest. The control of covariates of the exposure-disease relationship is required to obtain a valid measure. Two types of covariates, confounders and effect modifiers, must be considered. Investigators can design studies to measure and control for the impact of both types of covariates. Design strategies for dealing with covariates include randomization, restriction, and matching. If the impact of a covariate is not eliminated by study design, it must be controlled for during study analysis by use of either stratification or mathematical modeling. Stratified analysis permits an assessment of the exposure-disease relationship for each category of relevant covariates. Although stratification is the best initial approach for controlling covariates, it is often impractical, particularly if more than one or two covariates must be controlled. Multivariate mathematical models are required if multiple covariates are to be controlled. Logistic regression is the mathematical modeling procedure most often used to analyze studies in obstetrics and gynecology. Although there are no uniform rules for building a proper model for regression analysis, useful general strategies are available. It must be emphasized that, though the use of mathematical modeling can control for multiple covariates and thereby improve the chance of obtaining an accurate measure of the exposure-disease relationship, it cannot ""fix"" data that result from a poorly designed or improperly conducted study.",Obstetrics and gynecology,1991 Oct,1991,October,,H B Peterson; D G Kleinbaum,,,,,78,4,eng,United States,Journal Article; Review,"Gynecology/statistics & numerical data; Logistic Models; Models, Statistical; Obstetrics/statistics & numerical data; Periodicals as Topic",Unknown,,,
12610674,Economic evaluation in obstetrics and gynaecology: principles and practice.,"Greater attention in health care over the last 2 decades has been placed on determining how best to spend the resources available. Economic evaluation is a commonly used tool to compare health-care services and treatments on the basis of costs and benefits. However, the principles on which economic evaluations are based are not well understood, and guidelines for conducting such evaluations in practice are often not followed. This paper describes the overarching principle of opportunity cost, and highlights the implication that decision-making in health care should necessarily be based on both costs and benefits. Two notions of efficiency, technical and allocative, are also presented, and the important point is made that the specific type of economic evaluation chosen must be based not on the unit of benefit in the given study, as is commonly done, but rather on the type of efficiency being addressed. The 3 primary types of economic evaluation are outlined, and a common pitfall in economic evaluation, the incremental cost-effectiveness ratio, is critiqued. Finally, a number of methodological considerations when conducting economic evaluations in practice are presented.",Journal of obstetrics and gynaecology Canada : JOGC = Journal d'obstetrique et gynecologie du Canada : JOGC,2003 Mar,2003,March,,Craig Mitton; John F Jarrell,,10.1016/s1701-2163(16)30109-8,https://doi.org/10.1016/s1701-2163(16)30109-8,,25,3,eng,Netherlands,Journal Article; Review,Canada; Cost-Benefit Analysis; Decision Making; Female; Gynecology/economics; Health Care Costs; Humans; Obstetrics/economics; Pregnancy,Closed Access,closed,,
28649036,All for one and one for all: The value of grassroots collaboration in clinical research.,"Collaboration in health research is common in current practice. Engaging grassroots clinicians in the evidence synthesis and research process can deliver impactful results and reduce research wastage. The UKARCOG is a group of specialty trainees in obstetrics and gynaecology in the UK aiming to promote women's health research by delivering high-quality impactful research and national audit projects. The collaborative enables trainees to develop essential academic skills and roll out multicentre research projects at high cost-effectiveness. Collective research work can face a number of challenges such as establishing a joint authorship style, gaining institutional support and acquiring funds to boost networking and deliver large scales studies.","European journal of obstetrics, gynecology, and reproductive biology",2017 Aug,2017,August,,Bassel H Al Wattar; Jennifer Tamblyn,Collaboration; Grassroots; Obstetrics and gynaecology; Research,10.1016/j.ejogrb.2017.06.015,https://doi.org/10.1016/j.ejogrb.2017.06.015,,215,,eng,Ireland,Journal Article; Review,Cooperative Behavior; Gynecology; Humans; Obstetrics; Research; Women's Health,Closed Access,closed,,
35309222,Practical COVID-19 Prevention Training for Obstetrics and Gynecology Residents Based on the Conceive-Design-Implement-Operate Framework.,"BACKGROUND: The spread of COVID-19 poses a challenge for obstetrics and gynecology (O&G) residents. In order to improve the theoretical knowledge and practical skills of residents in epidemic prevention and control, reduce work pressure and improve professional skills, effective and sound training models are required to improve the protection of O&G residents from COVID-19. METHOD: A total of 38 standardized training O&G residents working in Shengjing Hospital of China Medical University in March 2020 was selected. They were randomly divided into intervention and control groups. The control group underwent a protection theory exposition according to the traditional training method, while the intervention group adopted a conceive-design-implement-operate (CDIO) mode, arranged training courses in combination with the O&G specialty, and completed four modules of CDIO. After the training, the theoretical knowledge and practical operation were assessed, and the work stress and occupational identity scales were assessed. The assessment results and scores of the two groups of residents were analyzed. RESULTS: Compared with the scores of the residents in the control group, the theoretical and technical scores of the residents in the intervention group significantly improved (P < 0.05). In the evaluation of organizational management, workload, interpersonal relationship, and doctor-patient relationship pressure, the scores of the intervention group were lower than those of the control group, with a statistical difference (P < 0.05). For the intervention group, the job stress and professional identity evaluation scores were significantly higher than those of the control group (P < 0.05). CONCLUSION: The CDIO model can effectively enhance the theoretical knowledge and practical skills of O&G residents in COVID-19 epidemic prevention protocols to reduce work pressure and improve professional identity. In addition, it provides new ideas, methods, and approaches for future clinical practice training.",Frontiers in public health,2022,2022,,,Xiaoxue Wang; Yangzi Zhou; Zixuan Song; Yuting Wang; Xueting Chen; Dandan Zhang,CDIO model; COVID-19; engineering education model; infectious disease protection; practical skills training; professional identity; resident standardized training; working pressure,10.3389/fpubh.2022.808084,https://doi.org/10.3389/fpubh.2022.808084,https://www.ncbi.nlm.nih.gov/pmc/articles/PMC8927650/,10,,eng,Switzerland,"Journal Article; Randomized Controlled Trial; Research Support, Non-U.S. Gov't",COVID-19/prevention & control; Clinical Competence; Gynecology/education; Humans; Internship and Residency; Obstetrics/education; Physician-Patient Relations,Open Access,gold,cc-by,https://www.frontiersin.org/articles/10.3389/fpubh.2022.808084/pdf
25769435,Global women's health is more than maternal health: a review of gynecology care needs in low-resource settings.,"Women's health care efforts in low-resource settings are often focused primarily on prenatal and obstetric care. However, women all over the world experience significant morbidity and mortality related to cervical cancer, sexually transmitted infections, and urogynecologic conditions as well as gynecologic care provision including insufficient and ineffective family planning services. Health care providers with an interest in clinical care in low-resource settings should be aware of the scope of the burden of gynecologic issues and strategies in place to combat the problems. This review article discusses the important concerns both in the developing world as well as highlights similar disparities that exist in the United States by women's age, race and ethnicity, and socioeconomic status. Ultimately, this review article aims to inform and update health care providers on critical gynecologic issues in low-resource settings.",Obstetrical & gynecological survey,2015 Mar,2015,March,,Nuriya Robinson; Cynthia Stoffel; Sadia Haider,,10.1097/OGX.0000000000000166,https://doi.org/10.1097/OGX.0000000000000166,,70,3,eng,United States,Journal Article; Review,Developing Countries; Female; Gynecology/trends; Health Resources; Health Services Needs and Demand/trends; Health Services Research; Healthcare Disparities; Humans; Maternal Health; Maternal Health Services; Pregnancy; Socioeconomic Factors; United States; Women's Health,Closed Access,closed,,
27371550,"A scoping review of cost benefit analysis in reproductive, maternal, newborn and child health: What we know and what are the gaps?","Growing evidence suggests that early life investments in health are associated with improved human capital and economic outcomes. Various recent global studies have simulated the expected economic returns from alternative packages of interventions in reproductive, maternal, newborn and child health (RMNCH). However, very little is known about the comparability of estimates of the economic returns of RMNCH interventions across studies in low and middle income countries. Our study aims to fill this gap. We performed a comprehensive scoping review of the recent literature (2000-2013) on the economic returns (i.e. benefit-cost ratios) of RMNCH-related interventions, conducted in low and middle income countries. A total of 36 studies were identified. They were read in full and information was abstracted on both the estimates of benefit-cost ratios, the methodological approach and assumptions used. The estimated economic returns fluctuated considerably across settings as the associated costs of disease patterns, social behaviours and health systems varied. Yet, greater sources of variation stemmed from differences in methodology. The observed methodological inconsistencies limit the accuracy and comparability of the estimated returns across various contexts. The reviewed studies suggest that the benefit-cost ratios are favourable in the majority of cases, providing further support to a growing body of economic literature that suggests investments early in life, such as those interventions related to RMNCH, are good investments. Beyond advocacy purposes, for the reviewed literature to be used by policymakers to inform their decisions on investments, a consistent methodological approach should be adopted.",Health policy and planning,2016 Dec,2016,December,,Chandana Maitra; Andrew Hodge; Eliana Jimenez Soto,Cost-benefit analysis; Millennium Development Goal (MDG) 4; economic returns; maternal; newborn and child health; reproductive,10.1093/heapol/czw078,https://doi.org/10.1093/heapol/czw078,,31,10,eng,England,Journal Article; Scoping Review,Child Health; Cost-Benefit Analysis; Delivery of Health Care/economics; Developing Countries; Global Health; Humans; Infant Health; Maternal Health; Maternal-Child Health Services/economics; Reproductive Health,Open Access,bronze,,https://academic.oup.com/heapol/article-pdf/31/10/1530/14095252/czw078.pdf
15842294,"Agreement studies in obstetrics and gynaecology: inappropriateness, controversies and consequences.","A literature review was performed to assess how agreement has been measured in obstetrics and gynaecology. Inappropriate or controversial measures were often used. The possible consequences of these inadequacies on validity studies and randomised controlled trials are shown in case examples. The association of two measures, proportions of agreement and kappa for categorical variables, and limits of agreement and intraclass correlation coefficient for continuous variables, is encouraged in agreement studies, until new and better ways of assessing agreement are found.",BJOG : an international journal of obstetrics and gynaecology,2005 May,2005,May,,Cristina Costa Santos; Altamiro Costa Pereira; João Bernardes,,10.1111/j.1471-0528.2004.00505.x,https://doi.org/10.1111/j.1471-0528.2004.00505.x,,112,5,eng,England,Journal Article; Review,Female; Gynecology/statistics & numerical data; Humans; Observer Variation; Obstetrics/statistics & numerical data; Pregnancy; Reproducibility of Results,Closed Access,closed,,
16301716,Three- and 4-dimensional ultrasound in obstetrics and gynecology: proceedings of the American Institute of Ultrasound in Medicine Consensus Conference.,"The American Institute of Ultrasound in Medicine convened a panel of physicians and scientists with interest and expertise in 3-dimensional (3D) ultrasound in obstetrics and gynecology to discuss the current diagnostic benefits and technical limitations in obstetrics and gynecology and consider the utility and role of this type of imaging in clinical practice now and in the future. This conference was held in Orlando, Florida, June 16 and 17, 2005. Discussions considered state-of-the-art applications of 3D ultrasound, specific clinical situations in which it has been found to be helpful, the role of 3D volume acquisition for improving diagnostic efficiency and patient throughput, and recommendations for future investigations related to the utility of volume sonography in obstetrics and gynecology.",Journal of ultrasound in medicine : official journal of the American Institute of Ultrasound in Medicine,2005 Dec,2005,December,,Beryl R Benacerraf; Carol B Benson; Alfred Z Abuhamad; Joshua A Copel; Jacques S Abramowicz; Greggory R Devore; Peter M Doubilet; Wesley Lee; Anna S Lev-Toaff; Eberhard Merz; Thomas R Nelson; Mary Jane O'Neill; Anna K Parsons; Lawrence D Platt; Dolores H Pretorius; Ilan E Timor-Tritsch,,10.7863/jum.2005.24.12.1587,https://doi.org/10.7863/jum.2005.24.12.1587,,24,12,eng,England,Consensus Development Conference; Journal Article,"Female; Genital Diseases, Female/diagnostic imaging; Gynecology/methods; Gynecology/trends; Humans; Imaging, Three-Dimensional/methods; Imaging, Three-Dimensional/trends; Obstetrics/methods; Obstetrics/trends; Practice Guidelines as Topic; Practice Patterns, Physicians'/trends; Pregnancy; Pregnancy Complications/diagnostic imaging; Societies, Medical/organization & administration; Ultrasonography/methods; Ultrasonography/trends; Ultrasonography, Prenatal/methods; Ultrasonography, Prenatal/trends; United States",Closed Access,closed,,
34492607,Each Uterus Counts: A narrative review of health disparities in benign gynaecology and minimal access surgery.,"INTRODUCTION: Health disparities exposed by the Covid-19 pandemic have prompted healthcare professionals to investigate disparities within their own specialty. Racial and ethnic disparities in obstetrics are well documented but inequities in gynaecology are less well known. Our aim is to review the literature on two commonly performed procedures, hysterectomy and myomectomy, and one condition, ectopic pregnancy, to evaluate the prevalence of racial, ethnic and socioeconomic disparities in benign gynaecology and minimal access surgery. METHODS: A narrative review of 33 articles identified from a Pubmed using the following search criteria; ""race""; ""ethnicity""; ""socioeconomic status""; ""disparity""; ""inequity""; and ""inequality"". Case reports and papers assessing gynaecological malignancy were excluded. RESULTS: Despite minimal access surgery having fewer complications and faster recovery than open surgery, US studies have shown that black and ethnic minority women are less likely than white women to have minimally invasive hysterectomies and myomectomies. Uninsured women and patients on Medicaid are also less likely to receive minimally invasive procedures. Contributing factors include fibroid size, geographic location and access to hospitals performing minimal access surgery, and the discontinuation of power morcellation. Ethnic minority women who receive minimally invasive myomectomy have been shown to have a higher risk of complications and prolonged recovery. Black and ethnic minority women also have a higher risk of morbidity and mortality from ectopic pregnancy and are more likely to receive surgical than medical management. CONCLUSION: Extensive study from the US has demonstrated disparities in access to minimally invasive gynaecological surgery, whereas in the UK the data is infrequent, inconsistent and incomplete. Little is known about the influence of patient preference and counselling as well as institutional bias on health equity in gynaecology. Further research is necessary to identify interventions that mitigate these disparities in access and outcomes.","European journal of obstetrics, gynecology, and reproductive biology",2021 Oct,2021,October,,Imogen Ptacek; Mehrnoosh Aref-Adib; Rebecca Mallick; Funlayo Odejinmi,Benign gynaecology; Health disparity; Health inequity; Laparoscopy; Minimally invasive surgery; Racial disparity,10.1016/j.ejogrb.2021.08.024,https://doi.org/10.1016/j.ejogrb.2021.08.024,,265,,eng,Ireland,Journal Article; Review,COVID-19; Ethnicity; Female; Gynecology; Humans; Minimally Invasive Surgical Procedures; Minority Groups; Obstetrics; Pandemics; Pregnancy; SARS-CoV-2; United States; Uterus,Closed Access,closed,,
24210444,Role of interventional procedures in obstetrics/gynecology.,"In uterine fibroid embolization (UFE), knowledge of the potential ovarian-uterine anastomoses is important because they provide collateral blood flow that may result in the failure of the UFE or ovarian nontarget embolization. Uterine artery embolization is an alternative treatment of postpartum hemorrhage with 80% to 90% bleeding control and in which fertility can be preserved. Diagnosis of pelvic congestion syndrome on routine sonographic or computed tomography/magnetic resonance imaging is often missed. Fallopian tube recanalization allows couples to have unlimited attempts to conceive naturally and avoids the risks (multiple pregnancies, ovarian hyperstimulation syndrome), and high cost of in vitro fertilization.",Radiologic clinics of North America,2013 Nov,2013,November,,Jorge Lopera; Rajeev Suri; Ghazwan M Kroma; Andres Garza-Berlanga; John Thomas,Fallopian tube recanalization; Pelvic congestion syndrome; Postpartum hemorrhage; Transcervical sterilization; Uterine artery embolization; Uterine fibroid; Uterine leiomyomata,10.1016/j.rcl.2013.07.008,https://doi.org/10.1016/j.rcl.2013.07.008,,51,6,eng,United States,Journal Article; Review,"Contraception/methods; Embolization, Therapeutic/methods; Female; Gynecology/methods; Humans; Leiomyoma/therapy; Obstetrics/methods; Pelvis/blood supply; Postpartum Hemorrhage/therapy; Pregnancy; Radiology, Interventional/methods; Sterilization Reversal/methods; Venous Insufficiency/therapy",Closed Access,closed,,
33395173,Effect of Scenario-Based Simulation Training on the Obstetrics and Gynecology Nursing Clinical Practicum.,"BACKGROUND: Simulation practices in obstetrics and gynecology (OB-GYN) nursing are used in education, practice, assessment, and the investigation of interventional and behavioral skills related to both routine and emergency conditions. PURPOSE: This study was conducted in an OB-GYN nursing course to determine the effect of simulation practices on clinical practice satisfaction, clinical stress, and self-confidence in nursing students. METHODS: A cluster randomized controlled experimental trial was conducted on 122 students (experimental group, n = 58; control group, n = 64). After theoretical training, all of the students applied six scenarios in the OB-GYN nursing simulation laboratory. The students in the experimental group began clinical practice after simulation training, whereas their peers in the control group began clinical practice without prior simulation training. Data in this study were collected using a personal information form, the Pagana Clinical Stress Questionnaire, a self-confidence scale, and a satisfaction subscale from the Clinical Learning Environment Scale on, respectively, the first day and final day of clinical practice. RESULTS: At the end of the clinical practice, average clinical stress in the control group was higher than that in the experimental group (p = .001). No intergroup difference was found in self-confidence levels (p > .05). For the control group, at posttest, the average satisfaction with the clinical learning environment was higher (p = .046) and the average satisfaction with the clinical learning environment was lower (p = .05). In contrast, no mean pretest-posttest differences were found in clinical stress and self-confidence levels in the experimental group (p > .05). In the control group, no mean pretest-posttest difference was found for the clinical learning environment (p > .05), whereas mean clinical stress (p < .001) and self-confidence (p = .012) levels were higher at posttest (p < .05). CONCLUSIONS/IMPLICATIONS FOR PRACTICE: The findings of this study indicate that simulation training interventions reduce clinical satisfaction and stress in students but do not influence self-confidence. Nursing educators may provide scenario-based simulation training to students taking OB-GYN courses to enhance their preparedness for clinical practice.",The journal of nursing research : JNR,2021 Jan 04,2021,January,04,Ayten Şentürk Erenel; Şengül Yaman Sözbir; Mehtap Uzun Aksoy; Esra Arslan Gürcüoğlu; Sıdıka Pelit Aksu; Filiz Ünal Toprak; Canan Uçakci Asalioğlu,,10.1097/jnr.0000000000000417,https://doi.org/10.1097/jnr.0000000000000417,,29,2,eng,China (Republic : 1949- ),Journal Article; Randomized Controlled Trial,"Clinical Competence; Gynecology/education; Humans; Obstetrics/education; Preceptorship; Simulation Training; Students, Nursing",Open Access,gold,cc-by,https://doi.org/10.1097/jnr.0000000000000417
12235439,How virtual reality may enhance training in obstetrics and gynecology.,"OBJECTIVE: Contemporary training in obstetrics and gynecology is aimed at the acquisition of a complex set of skills oriented to both the technical and personal aspects of patient care. The ability to create clinical simulations through virtual reality (VR) may facilitate the accomplishment of these goals. The purpose of this paper is 2-fold: (1) to review the circumstances and equipment in industry, science, and education in which VR has been successfully applied, and (2) to explore the possible role of VR for training in obstetrics and gynecology and to suggest innovative and unique approaches to enhancing this training. MATERIAL AND METHODS: Qualitative assessment of the literature describing successful applications of VR in industry, law enforcement, military, and medicine from 1995 to 2000. Articles were identified through a computer-based search using Medline, Current Contents, and cross referencing bibliographies of articles identified through the search. RESULTS: One hundred and fifty-four articles were reviewed. This review of contemporary literature suggests that VR has been successfully used to simulate person-to-person interactions for training in psychiatry and the social sciences in a variety of circumstances by using real-time simulations of personal interactions, and to launch 3-dimensional trainers for surgical simulation. These successful applications and simulations suggest that this technology may be helpful and should be evaluated as an educational modality in obstetrics and gynecology in two areas: (1) counseling in circumstances ranging from routine preoperative informed consent to intervention in more acute circumstances such as domestic violence or rape, and (2) training in basic and advanced surgical skills for both medical students and residents. CONCLUSION: Virtual reality is an untested, but potentially useful, modality for training in obstetrics and gynecology. On the basis of successful applications in other nonmedical and medical areas, VR may have a role in teaching essential elements of counseling and surgical skill acquisition.",American journal of obstetrics and gynecology,2002 Sep,2002,September,,Gerard S Letterie,,10.1067/mob.2002.127361,https://doi.org/10.1067/mob.2002.127361,,187,3 Suppl,eng,United States,Journal Article; Review,"Clinical Competence; Communication; Competency-Based Education/methods; Computer Simulation; Education, Medical/methods; Endoscopy; Female; Gynecology/education; Humans; Medical History Taking; Obstetrics/education; Physician-Patient Relations; User-Computer Interface; Women's Health",Closed Access,closed,,
31415246,"Diversity and inclusion: the role of unconscious bias on patient care, health outcomes and the workforce in obstetrics and gynaecology.","PURPOSE OF REVIEW: Although the business world has long recognized the benefits of diversity and inclusion and the effects of unconscious bias, the discourse is just now gaining traction in the medical field. In addition, many businesses have developed key initiatives to address unconscious bias in the workplace. RECENT FINDINGS: In the medical field, diversity leads to improved health outcomes, increased access to healthcare by the underserved and more innovation. However, unconscious bias may inadvertently propagate health disparities, affect trainee evaluations, hinder faculty satisfaction and exclude populations from meaningful research. SUMMARY: In this review, we discuss diversity, inclusion and unconscious bias in obstetrics and gynaecology, as it relates to patient care, health outcomes, medical faculty and trainees. We also discuss potential interventions that mitigate these issues.",Current opinion in obstetrics & gynecology,2019 Oct,2019,October,,Cynthia Arvizo; Etoi Garrison,,10.1097/GCO.0000000000000566,https://doi.org/10.1097/GCO.0000000000000566,,31,5,eng,England,Journal Article; Review,"Cultural Diversity; Female; Gynecology/organization & administration; Healthcare Disparities; Humans; Obstetrics/organization & administration; Outcome Assessment, Health Care; Physician-Patient Relations; Prejudice/prevention & control; Workforce/organization & administration",Closed Access,closed,,
35293613,Gender bias in the medical education of obstetrician-gynaecologists in the United States: A systematic review.,"BACKGROUND: The number of men entering obstetrics and gynaecology (Ob/Gyn) residencies and general Ob/Gyn practice is decreasing. Gender biases against their participation may affect career decisions. OBJECTIVE: This systematic review examines: (i) female patients' gender preferences and perceptions of men as Ob/Gyns and/or medical students; and (ii) the influence of gender on students' education and career decisions. SEARCH STRATEGY: We identified relevant research via PubMed using variations of three concepts in combination: Ob/Gyn care, gender bias/preference, and medical education or career. We conducted the initial review in 2018 and repeated the search in March 2021, adding additional references via citation review of included research. SELECTION CRITERIA: We restricted the review to original research from the United States between 2000-2021. DATA COLLECTION: Fifteen studies met inclusion criteria, categorised into three groups: (i) patient's gender preference for Ob/Gyns; (ii) patient's gender preference for medical students during the Ob/Gyn clerkship; and (iii) influence of gender bias on Ob/Gyn career decisions. MAIN RESULTS: Patients prioritised their physician's care attributes (eg technical skill, compassion, experience) over gender when choosing Ob/Gyns; however, provider gender was prioritised for medical students. Male medical students more commonly reported exclusion from clinical opportunities, although objective clinical exposure was like that of female counterparts. Despite perceived gender bias, male medical students reported increased Ob/Gyn interest post-clerkship; interest did not translate into residency applications. These findings are limited by study quality and heterogeneity. CONCLUSIONS: Real and perceived gender bias among female patients and male medical students in Ob/Gyn may underlie declining numbers of men entering the field.",The Australian & New Zealand journal of obstetrics & gynaecology,2022 Jun,2022,June,,Brian T Nguyen; Laer H Streeter; Ravali A Reddy; Christopher R Douglas,career choice; clerkship; gender bias; medical education; obstetrics & gynaecology,10.1111/ajo.13511,https://doi.org/10.1111/ajo.13511,https://www.ncbi.nlm.nih.gov/pmc/articles/PMC9310565/,62,3,eng,Australia,Journal Article; Review; Systematic Review,"Female; Gynecology/education; Humans; Internship and Residency; Male; Obstetrics/education; Pregnancy; Sexism; Students, Medical; United States",Open Access,hybrid,cc-by-nc,https://onlinelibrary.wiley.com/doi/pdf/10.1111/ajo.13511
30095489,Surgical skills assessment tools in gynecology.,"PURPOSE OF REVIEW: The purpose of this review is to outline surgical skills assessment tools for the purpose of training and competency evaluation, with a focus on recent literature in gynecology. RECENT FINDINGS: Objective standardized surgical skills assessment tools are increasingly being explored in multiple surgical disciplines including gynecology. Several small studies in gynecology have validated procedure-specific checklists, global rating scales, and other surgical proficiency examinations in their ability to differentiate trainee skill level or correlate with other standardized tests. Few studies have included gynecologic surgeons in practice, and no studies have investigated their use in credentialing and maintenance of certification. SUMMARY: Surgical skills assessment tools may be a useful adjunct to gynecology training programs, with promising applications for practicing gynecologists.",Current opinion in obstetrics & gynecology,2018 Oct,2018,October,,Nisse V Clark; Kristen J Pepin; Jon I Einarsson,,10.1097/GCO.0000000000000477,https://doi.org/10.1097/GCO.0000000000000477,,30,5,eng,England,Journal Article; Review,"Clinical Competence/standards; Education, Medical, Graduate/standards; Educational Measurement/standards; Gynecologic Surgical Procedures/standards; Gynecology/education; Gynecology/standards; Humans; Laparoscopy/education; Laparoscopy/standards; Obstetrics/education; Obstetrics/standards; Psychomotor Performance",Closed Access,closed,,
29341103,An overview of confounding. Part 1: the concept and how to address it.,"Confounding is an important source of bias, but it is often misunderstood. We consider how confounding occurs and how to address confounding using examples. Study results are confounded when the effect of the exposure on the outcome, mixes with the effects of other risk and protective factors for the outcome. This problem arises when these factors are present to different degrees among the exposed and unexposed study participants, but not all differences between the groups result in confounding. Thinking about an ideal study where all of the population of interest is exposed in one universe and is unexposed in a parallel universe helps to distinguish confounders from other differences. In an actual study, an observed unexposed population is chosen to stand in for the unobserved parallel universe. Differences between this substitute population and the parallel universe result in confounding. Confounding by identified factors can be addressed analytically and through study design, but only randomization has the potential to address confounding by unmeasured factors. Nevertheless, a given randomized study may still be confounded. Confounded study results can lead to incorrect conclusions about the effect of the exposure of interest on the outcome.",Acta obstetricia et gynecologica Scandinavica,2018 Apr,2018,April,,Penelope P Howards,Bias; causality; confounding factors (epidemiology); data analysis; epidemiologic methods; epidemiologic research design,10.1111/aogs.13295,https://doi.org/10.1111/aogs.13295,,97,4,eng,United States,Journal Article; Review,"Bias; Confounding Factors, Epidemiologic; Gynecology; Humans; Obstetrics; Research Design",Closed Access,closed,,
20840245,Continuing education and clinical research for the training of obstetricians and gynecologists in Europe.,"The need for doctors to develop in their profession and in science applies to all ages and at all hierarchical levels. This development can be sustained both via education and research. In this brief paper, we examine certain crucial aspects of education and research in obstetrics and gynecology (OB/GYN) as they are actually observed in Europe. The need for uniform development of continuing professional development (CPD) among all European countries is progressively becoming apparent. There is no single approach to CPD. Junior doctors should benefit from the teaching of senior obstetricians and gynecologists, especially those in a hierarchical system of training that must assure their progress. Hospital visiting organized by EBCOG enables OB/GYN departments of teaching hospitals to unify their teaching and learning approaches. Furthermore, improving the ability of trainees and specialists to conduct clinical research is vital, as this will transform the breakthroughs of basic science into clinical practice. A formal training period in research should be available to most competent trainees in OB/GYN in addition to their basic clinical training.",Annals of the New York Academy of Sciences,2010 Sep,2010,September,,George Creatsas; George Mastorakos,,10.1111/j.1749-6632.2010.05687.x,https://doi.org/10.1111/j.1749-6632.2010.05687.x,,1205,,eng,United States,Journal Article; Review,"Biomedical Research/trends; Education, Medical, Continuing/methods; Education, Medical, Continuing/trends; Europe; Female; Gynecology/education; Humans; Obstetrics/education; Pregnancy",Closed Access,closed,,
27636218,Identifying Gaps and Inconsistencies in Urogynecologic Surgical Training of Obstetrics and Gynecology Residents.,"OBJECTIVE: This study aims to determine the expectations of Obstetrics and Gynecology (ObGyn) residency and Female Pelvic Medicine & Reconstructive Surgery (FPMRS) fellowship program directors (FPDs) for the independent performance of urogynecologic procedures during residency and to compare these expectations with the Council on Resident Education in Obstetrics and Gynecology (CREOG) educational objectives. MATERIALS AND METHODS: Two parallel, anonymous surveys were distributed simultaneously to all directors of accredited ObGyn residency and FPMRS fellowship programs in the United States. Respondents provided their own professional and program demographic information and indicated whether they expected their residents to independently perform 27 selected urogynecologic procedures. RESULTS: Among residency program directors (RPDs) and FPDs, the online survey response rate was 24.8% (n = 59) and 51.9% (n = 27), respectively. More RPDs expected residents to perform prolapse procedures with mesh, including laparoscopic sacrocolpopexy, all apical suspensions, mesh excisions, and cystotomy repairs, than FPDs. In addition, RPDs expected mastery of most urogynecologic procedures by the Post Graduate Year 3 level, whereas most FPDs did not expect independent performance of these procedures during residency at all. There were notable differences between RPDs' expectations and CREOG objectives regarding several surgical procedures. Whereas CREOG recommends independent performance of anterior and posterior repair, vaginal suspension, vaginal hysterectomy, and transobturator slings, a significant number of RPDs did not report expecting mastery of these procedures during residency. Approximately 30% of RPDs expected residents to perform open sacrocolpopexy and vesicovaginal fistula repair, whereas CREOG recommends only the understanding of these, without procedural mastery. CONCLUSIONS: Although community needs vary by region and setting, CREOG objectives serve as the standard for resident surgical education. This study highlights the discordance between these objectives and ObGyn RDPs' reported expectations for resident performance as well as those held by FPMRS FPDs, the outcome of which reflects a misalignment in graduate medical education between RPDs and FPDs, thus hindering a clear standard for resident surgical competencies.",Female pelvic medicine & reconstructive surgery,2016,2016,,,Emily E Weber LeBrun; Hazel Asumu; Anne M Richardson; LouAnn A Cooper; John D Davis,,10.1097/SPV.0000000000000320,https://doi.org/10.1097/SPV.0000000000000320,,22,6,eng,United States,Journal Article; Observational Study,Clinical Competence/standards; Curriculum; Female; Gynecology/education; Humans; Internship and Residency/standards; Obstetrics/education; Organizational Objectives; United States; Urogenital Surgical Procedures/education; Urogenital Surgical Procedures/standards,Closed Access,closed,,
27521885,Surgical Simulation and Competency.,"Simulation in surgical training is playing an increasingly important role as postgraduate medical education programs navigate an environment of increasing costs of education, increased attention on patient safety, and new duty hour restrictions. In obstetrics and gynecology, simulation has been used to teach many procedures; however, it lacks a standardized curriculum. Several different simulators exist for teaching various routes and aspects of hysterectomy. This article describes how a formal framework of increasing levels of competencies can be applied to simulation in teaching the procedure of hysterectomy.",Obstetrics and gynecology clinics of North America,2016 Sep,2016,September,,Shunaha Kim-Fine; Erin A Brennand,Competency; Education; Hysterectomy; Simulation; Surgical training,10.1016/j.ogc.2016.04.007,https://doi.org/10.1016/j.ogc.2016.04.007,,43,3,eng,United States,Journal Article; Review,Clinical Competence/standards; Computer Simulation; Computer-Assisted Instruction; Curriculum; Female; Gynecology/education; Gynecology/standards; Humans; Hysterectomy/education; Obstetrics/education; Obstetrics/standards; Program Evaluation; Simulation Training,Closed Access,closed,,
34862919,Lack of residents due to COVID-19 pandemic. Can a mentor-mentee program during medical studies have a positive influence on the choice for specialist training in gynecology and obstetrics? A review of current literature and results of a national wide survey of medical students.,"OBJECTIVE: The COVID-19 pandemic restricting clinical practice and exacerbating the lack of medical staff. There is currently a lack of young residents who are deciding on further training in gynecology and obstetrics. DESIGN: review and prospective, cross-sectional study. SETTING: the aim of this study was to investigate if structured mentoring programs can counteract this deficiency. POPULATION: medical students took part from Germany in the clinical phase. METHODS: An anonymous questionnaire was developed and distributed to students from January to October 2020. Epidemiological data, questions about mentoring experiences, necessity and their expected influence on career planning were collected and statistically evaluated. MAIN OUTCOME MEASURES: structured mentoring-programs can influence the choice of subject. In particular, men are still underrepresented. Research on the topic of mentoring during in the field of gynaecology and obstetrics is completely lacking. RESULTS: A representative number of 927 medical students took part in the survey. 22% (170/906) of the students had already participated in a mentoring program with a significantly higher proportion of men (69%; 117/170; p < 0.001). Of these, 94% (453/170) said this was helpful. 6% (55/906) wanted to pursue a career in gynecology and obstetrics. When asked about their appreciation for structured mentoring programs in gynecology and obstetrics, 95% (880/906) would participate and 94% agreed (871/906) that this could have an impact on their choice of specialist and career planning. CONCLUSIONS: An active provision of mentoring programs and more content can be a way of counteracting the shortage of residents in gynecology and obstetrics.",Archives of gynecology and obstetrics,2022 Mar,2022,March,,Stefan Hertling,COVID-19 pandemic; Mentoring; Residents; Shortage of doctors; Students,10.1007/s00404-021-06336-9,https://doi.org/10.1007/s00404-021-06336-9,https://www.ncbi.nlm.nih.gov/pmc/articles/PMC8642752/,305,3,eng,Germany,"Journal Article; Research Support, Non-U.S. Gov't; Review","COVID-19/epidemiology; COVID-19/prevention & control; Cross-Sectional Studies; Female; Gynecology/education; Humans; Internship and Residency; Male; Mentors; Obstetrics/education; Pandemics/prevention & control; Pregnancy; Prospective Studies; SARS-CoV-2; Students, Medical; Surveys and Questionnaires",Open Access,hybrid,cc-by,https://link.springer.com/content/pdf/10.1007/s00404-021-06336-9.pdf
26333638,Potential Impact of Obstetrics and Gynecology Hospitalists on Safety of Obstetric Care.,"Staffing models are critical aspects of care delivery. Provider staffing on the labor and delivery unit has recently received heightened attention. Based on the general medicine hospitalist model, the obstetrics and gynecology hospitalist or laborist model of obstetric care was introduced more than a decade ago as a plausible model-of-care delivery to improve provider satisfaction, with the goal of also improving safety and outcomes through continuous coverage by providers whose sole focus was on the labor and delivery unit without other competing clinical duties. It is plausible that this model of provider staffing and care delivery will increase safety.",Obstetrics and gynecology clinics of North America,2015 Sep,2015,September,,Sindhu K Srinivas,Hospitalist; Infant mortality; Maternal mortality; OBGYN hospitalist; Pregnancy; Safety,10.1016/j.ogc.2015.05.007,https://doi.org/10.1016/j.ogc.2015.05.007,,42,3,eng,United States,Journal Article; Review,"Delivery of Health Care/organization & administration; Delivery of Health Care/standards; Female; Gynecology/organization & administration; Gynecology/standards; Hospitalists/organization & administration; Hospitalists/standards; Humans; Infant; Infant Mortality; Infant, Newborn; Labor, Obstetric; Maternal Mortality; Models, Organizational; Obstetric Labor Complications/mortality; Obstetric Labor Complications/prevention & control; Obstetrics/organization & administration; Obstetrics/standards; Patient Safety; Policy Making; Pregnancy; Pregnancy Complications/mortality; Pregnancy Complications/prevention & control; Premature Birth; United States/epidemiology",Closed Access,closed,,
22039885,Medical simulation for professional development--science and practice.,"From the earliest days of medical practice, when surgeons used cadavers to explore the possibilities of surgical intervention, simulation has been employed to advance the practice of health care. In the last 10 years, technological advances have allowed for a wider availability and greater realism of simulation, and this has encouraged a great expansion in its use. Simulation aims to create a virtuous cycle of professional development to improve patient outcomes. Although it seems eminently logical to believe that simulation will result in better outcomes, there is a need to test these new training interventions rigorously to be sure of their worth and to understand any limitations. The purpose of this BJOG supplement is to examine in depth several paradigms of medical simulation within maternity care and gynaecology, in different settings, looking at what can be achieved and how. In this opening review, we look at the potential use of medical simulation in broad terms and describe the types of evidence that can be employed to support its use.",BJOG : an international journal of obstetrics and gynaecology,2011 Nov,2011,November,,R Fox; J J Walker; T J Draycott,,10.1111/j.1471-0528.2011.03173.x,https://doi.org/10.1111/j.1471-0528.2011.03173.x,,118 Suppl 3,,eng,England,"Editorial; Research Support, Non-U.S. Gov't; Review","Certification; Clinical Competence; Computer-Assisted Instruction; Cooperative Behavior; Educational Measurement; Gynecology/education; Humans; Leadership; Manikins; Models, Anatomic; Obstetrics/education; Patient Care Team; Patient Simulation; Role Playing; Video Games",Closed Access,closed,,
12719675,Data monitoring and safety committees and their operations.,"UNLABELLED: The scientific burden of proof for new therapies and technologies in obstetrics and gynecology has risen steadily over the past 15 to 20 years, and the randomized clinical trial has become integral to this higher standard. Data monitoring and safety committees are now critical components of clinical trials, yet their history, rationale, methods of operation, and overall role have not been well-characterized in the obstetrics and gynecology literature. In this review, an overview of the important and evolving role of data monitoring and safety committees is provided. TARGET AUDIENCE: Obstetricians & Gynecologists, Family Physicians. LEARNING OBJECTIVES: After completion of this article, the reader will be able to describe what a data monitoring and safety committee is, plan who should comprise the DMSC, and outline the functions of a DMSC.",Obstetrical & gynecological survey,2003 May,2003,May,,Dwight J Rouse,,10.1097/01.OGX.0000065281.22958.AF,https://doi.org/10.1097/01.OGX.0000065281.22958.AF,,58,5,eng,United States,"Journal Article; Research Support, U.S. Gov't, P.H.S.; Review",Clinical Trials Data Monitoring Committees; Gynecology/trends; Humans; Obstetrics/trends; Randomized Controlled Trials as Topic; Research Design; Safety,Closed Access,closed,,
36633677,Obstetrical and gynecologic implications of COVID-19: what have we learned over the first two years of the pandemic.,"The rapidly evolving nature of the coronavirus disease 2019 (COVID-19) pandemic has resulted in the publication of a breadth of information in the field of Obstetrics and Gynecology. This article is an examination of the impacts of COVID-19 on women's health, specifically on pregnancy, fertility, and delays to care. We review, in brief, the clinical presentation, transmission, and definitions of post-COVID conditions. Additionally, this article explores the reassuring evidence published regarding the use of mRNA vaccines in preconception and fertility treatments.",Archives of gynecology and obstetrics,2023 Sep,2023,September,,Alyson M Digby; Michael H Dahan,Coronavirus disease 2019 (COVID-19); Fertility; In-Vitro Fertilization; Severe acute respiratory syndrome coronavirus 2 (SARS-CoV-2); Vaccination,10.1007/s00404-022-06847-z,https://doi.org/10.1007/s00404-022-06847-z,https://www.ncbi.nlm.nih.gov/pmc/articles/PMC9838509/,308,3,eng,Germany,Journal Article; Review,COVID-19/prevention & control; Obstetrics; Humans; Female; Pregnancy; Gynecology; Pandemics; SARS-CoV-2; Fertilization in Vitro; Fertility; mRNA Vaccines; Reproductive Health,Open Access,bronze,,https://link.springer.com/content/pdf/10.1007/s00404-022-06847-z.pdf
34689787,"Estimating population-based coverage of reproductive, maternal, newborn, and child health (RMNCH) interventions from health management information systems: a comprehensive review.","BACKGROUND: Routinely collected health facility data usually captured and stored in Health Management Information Systems (HMIS) are potential sources of data for frequent and local disaggregated estimation of the coverage of reproductive, maternal, newborn, and child health interventions (RMNCH), but have been under-utilized due to concerns over data quality. We reviewed methods for estimation of national or subnational coverage of RMNCH interventions using HMIS data exclusively or in conjunction with survey data from low- and middle-income countries (LMICs). METHODS: We conducted a comprehensive review of studies indexed in PubMed and Scopus to identify potential papers based on predefined search terms. Two reviewers screened the papers using defined inclusion and exclusion criteria. Following sequences of title, abstract and full paper reviews, we retained 18 relevant papers. RESULTS: 12 papers used only HMIS data and 6 used both HMIS and survey data. There is enormous lack of standards in the existing methods for estimating RMNCH intervention coverage; all appearing to be highly author dependent. The denominators for coverage measures were estimated using census, non-census and combined projection-based methods. No satisfactory methods were found for treatment-based coverage indicators for which the estimation of target population requires the population prevalence of underlying conditions. The estimates of numerators for the coverage measures were obtained from the count of users or visits and in some cases correction for completeness of reporting in the HMIS following an assessment of data quality. CONCLUSIONS: Standard methods for correcting numerators from HMIS data for accurate estimation of coverage of RMNCH interventions are needed to expand the use of these data. More research and investments are required to improve denominators for health facility-derived statistics. Improvement in routine data quality and analytical methods would allow for timely estimation of RMNCH intervention coverage at the national and subnational levels.",BMC health services research,2021 Oct 25,2021,October,25,George Mwinnyaa; Elizabeth Hazel; Abdoulaye Maïga; Agbessi Amouzou,Child; Coverage; HMIS; Health; LMICs; Maternal; Neonatal; RMNCH; Reproductive; Review,10.1186/s12913-021-06995-z,https://doi.org/10.1186/s12913-021-06995-z,https://www.ncbi.nlm.nih.gov/pmc/articles/PMC8542459/,21,Suppl 2,eng,England,Journal Article; Review,"Child; Child Health; Family; Female; Health Facilities; Humans; Infant, Newborn; Management Information Systems; Maternal Health; Maternal-Child Health Services; Pregnancy; Reproductive Health",Open Access,gold,cc-by,https://bmchealthservres.biomedcentral.com/track/pdf/10.1186/s12913-021-06995-z
36047427,History of ultrasound in obstetrics and gynaecology from 1971 to 2021 on occasion of the 50 years anniversary of EFSUMB.,"Diagnostic ultrasound in obstetrics and gynaecology has experienced a fantastic evolution during the past seven decades. Initial steps with A-mode technology were followed by B-mode and B-mode real-time imaging, then by Doppler and colour Doppler ultrasound, and finally by 3D/4D ultrasound. Other evolutionary steps were the development of high-resolution transabdominal and transvaginal transducers providing high quality images in the first, second and third trimesters of pregancy, as well as in gynaecology and breast imaging.The progression from two-dimensional (2D) to three-dimensional ultrasound (3D) and 3D real-time imaging (4D) has brought new options in displaying anatomical structures. In comparison with CT or MRI, it is not a static but functional technique, cheap and safe, and applicable at any time.",Medical ultrasonography,2023 Jun 26,2023,June,26,Eberhard Merz; David H Evans; Yi Dong; Christian Jenssen; Christoph F Dietrich,,10.11152/mu-3845,https://doi.org/10.11152/mu-3845,,25,2,eng,Romania,Journal Article; Review,"Ultrasonography/history; Ultrasonography/standards; Obstetrics/history; Obstetrics/instrumentation; Gynecology/history; Gynecology/instrumentation; Humans; Female; Pregnancy; Imaging, Three-Dimensional; Equipment Safety; History, 20th Century; History, 21st Century",Open Access,gold,,https://medultrason.ro/medultrason/index.php/medultrason/article/download/3845/1998
23750657,Simulation training for breast and pelvic physical examination: a systematic review and meta-analysis.,"BACKGROUND: Breast and pelvic examinations are challenging intimate examinations. Technology-based simulation may help to overcome these challenges. OBJECTIVE: To synthesise the evidence regarding the effectiveness of technology-based simulation training for breast and pelvic examination. SEARCH STRATEGY: Our systematic search included MEDLINE, EMBASE, CINAHL, PsychINFO, Scopus, and key journals and review articles; the date of the last search was January 2012. SELECTION CRITERIA: Original research studies evaluating technology-enhanced simulation of breast and pelvic examination to teach learners, compared with no intervention or with other educational activities. DATA COLLECTION AND ANALYSIS: The reviewers evaluated study eligibility and abstracted data on methodological quality, learners, instructional design, and outcomes, and used random-effects models to pool weighted effect sizes. MAIN RESULTS: In total, 11 272 articles were identified for screening, and 22 studies were eligible, enrolling 2036 trainees. In eight studies comparing simulation for breast examination training with no intervention, simulation was associated with a significant improvement in skill, with a pooled effect size of 0.86 (95% CI 0.52-1.19; P < 0.001). Four studies comparing simulation training for pelvic examination with no intervention had a large and significant benefit, with a pooled effect size of 1.18 (95% CI 0.40-1.96; P = 0.003). Among breast examination simulation studies, dynamic models providing feedback were associated with improved outcomes. In pelvic examination simulation studies, the addition of a standardised patient to the simulation model and the use of an electronic model with enhanced feedback improved outcomes. AUTHOR'S CONCLUSIONS: In comparison with no intervention, breast and pelvic examination simulation training is associated with moderate to large effects for skills outcomes. Enhanced feedback appears to improve learning.",BJOG : an international journal of obstetrics and gynaecology,2013 Sep,2013,September,,C A Dilaveri; J H Szostek; A T Wang; D A Cook,Breast examination; pelvic examination; simulation training,10.1111/1471-0528.12289,https://doi.org/10.1111/1471-0528.12289,,120,10,eng,England,Journal Article; Meta-Analysis; Review; Systematic Review,"Clinical Competence; Computer Simulation; Education, Medical/methods; Educational Technology; Female; Gynecology/education; Humans; Manikins; Obstetrics/education; Patient Simulation; Physical Examination",Open Access,bronze,,https://onlinelibrary.wiley.com/doi/pdfdirect/10.1111/1471-0528.12289
27504948,Anti-Müllerian hormone: a critical factor for female fertility and reproductive health.,"Anti-Müllerian hormone (AMH) is a glycoprotein produced by the granulosa cells of preantral and small antral follicles. AMH concentrations reflect ovarian physiology with high precision, thus serving as a more sensitive marker of the ovarian re-serve than chronological age. This hormone plays a role in the pathogenesis of menstrual disorders and fertility in both obesity and polycystic ovary syndrome. The evaluation of AMH may also be useful in diagnosing or monitoring therapy of granulosa cell ovarian tumors.",Ginekologia polska,2016,2016,,,Marzena Rzeszowska; Agnieszka Leszcz; Lechosław Putowski; Magdalena Hałabiś; Joanna Tkaczuk-Włach; Jan Kotarski; Grzegorz Polak,anti-Müllerian hormone; fertility; gynecology,10.5603/GP.2016.0039,https://doi.org/10.5603/GP.2016.0039,,87,7,eng,Poland,Journal Article; Review,Anti-Mullerian Hormone/physiology; Female; Gynecology/methods; Gynecology/trends; Humans; Ovarian Reserve/physiology; Reproductive Health,Open Access,gold,,https://journals.viamedica.pl/ginekologia_polska/article/download/GP.2016.0039/35526
27723405,Fifty years of obstetrics and gynaecology.,"The term 'obstetrics and gynaecology' now feels like an outmoded name for women's health care. Since the 1960s the specialty has been transformed by social change, technical innovation and medical subspecialization, although the core values of good clinical practice remain unchanged.","British journal of hospital medicine (London, England : 2005)",2016 Oct,2016,October,,James O Drife,,10.12968/hmed.2016.77.10.572,https://doi.org/10.12968/hmed.2016.77.10.572,,77,10,eng,England,Historical Article; Journal Article; Review,"Fertilization in Vitro/history; Gynecology/history; History, 20th Century; History, 21st Century; Minimally Invasive Surgical Procedures/history; Obstetrics/history; Perinatology/history; Practice Guidelines as Topic; Prenatal Care/history; Reproductive Health/history; Specialization/history; United Kingdom",Closed Access,closed,,
31131102,"Systematic review and meta-analysis of the association between dimensions of inequality and a selection of indicators of Reproductive, Maternal, Newborn and Child Health (RMNCH).","BACKGROUND: Globally, progress in Maternal and Child Health (MCH) has been inconsistent, with several evidence showing both between and within country disparities in several RMNCH outcome measures. In this study, we aim to meta-analyse existing literature on association between three major equity stratifiers and a selection of RMNCH indicators. METHODS: We searched PubMed, Embase, Scopus databases and grey literatures from the WHO, UNICEF and World Bank publications. Using the PRISMA guidelines, we identified and reviewed studies from low and middle-income countries, that explored the effects of inequalities on RMNCH, with focus on studies that utilised data from a nationally representative survey. The review protocol was registered at the PROSPERO international prospective register of systematic reviews. RESULTS: A total of 28 studies were included in the meta-analysis. Results revealed the existence of marked inequality based on income levels, education and place of residence. The most significant level of disparity was with regards to unmet need for contraception and antenatal coverage. For both respective indicators, those with secondary or higher education were 6 times more likely to have better coverage, than those with lesser level of education; (odds ratio (OR) = 6.25 (95% confidence interval (CI) = 1.68-23.23; I2 = 98%, P = 0.006) and (OR = 6.17 (95% CI = 3.03-12.56; I2 = 97%, P < 0.00001) respectively. In contrast, the lowest inequality was in the completion of 3 doses of diphtheria, pertussis and tetanus vaccines (DPT3), those with primary or no education, were equally as likely as those with secondary or higher education to have received DPT3; (OR = 1.21, 95% CI = 0.34-4.27; I2 = 96%, P = 0.77). CONCLUSIONS: In developing countries, maternal and child health coverage remains highly inequitable and assess to maternal and child health services are governed by factors such as income, level of education, and place of residence.",Journal of global health,2019 Jun,2019,June,,Adeyinka E Adegbosin; Hong Zhou; Sen Wang; Bela Stantic; Jing Sun,,10.7189/jogh.09.010429,https://doi.org/10.7189/jogh.09.010429,https://www.ncbi.nlm.nih.gov/pmc/articles/PMC6513502/,9,1,eng,Scotland,Journal Article; Meta-Analysis; Systematic Review,"Child; Child Health; Female; Global Health; Health Status Disparities; Health Status Indicators; Humans; Infant Health; Infant, Newborn; Maternal Health; Pregnancy; Reproductive Health; Socioeconomic Factors",Open Access,gold,cc-by,https://doi.org/10.7189/jogh.09.010429
12520858,Munchausen syndrome in obstetrics and gynecology.,"Munchausen syndrome (MS) is a well-defined clinical psychiatric entity. Furthermore, it is a complicated and intriguing problem in medicine in general and in obstetrics and gynecology in particular. The proportion of MS cases in obstetrics and gynecology is rising. This review covers relevant reports from the last four decades. Emphasis is put on the clinical expression of MS cases in obstetrics and gynecology. A discussion about their validity as such is included. Awareness of attending physicians to this type of illness in the era of patient rights, on the one hand, and the existence of defensive medicine on the other, is crucial.",Journal of psychosomatic obstetrics and gynaecology,2002 Dec,2002,December,,D Rabinerson; B Kaplan; R Orvieto; A Dekel,,10.3109/01674820209074675,https://doi.org/10.3109/01674820209074675,,23,4,eng,England,Journal Article; Review,Abdominal Pain/economics; Abdominal Pain/pathology; Dermatitis/economics; Dermatitis/psychology; Female; Gynecology/economics; Gynecology/methods; Health Care Costs; Hospitalization/economics; Hospitalization/statistics & numerical data; Humans; Munchausen Syndrome/economics; Munchausen Syndrome/psychology; Obstetrics/economics; Obstetrics/methods; Patient Admission/economics; Patient Admission/statistics & numerical data; Self-Injurious Behavior/economics; Self-Injurious Behavior/psychology,Closed Access,closed,,
20966751,Women's health and health reform: implications of the Patient Protection and Affordable Care Act.,"PURPOSE OF REVIEW: An overview of provisions in the 2010 health reform legislation with implications for women's health and obstetrician-gynecologists. RECENT FINDINGS: Between now and 2014, provisions of the Patient Protection and Affordable Care Act (ACA) will expand access to health coverage, primary care, and preventive services. Other provisions relate to federal abortion funding, medical liability, and disparities. SUMMARY: From a life-course perspective, ACA makes it feasible to link preconception, prenatal, family planning, and other care in a seamless continuum for women of childbearing age. Now is the time to implement a comprehensive well woman standard of care.",Current opinion in obstetrics & gynecology,2010 Dec,2010,December,,Kay A Johnson,,10.1097/GCO.0b013e3283404e31,https://doi.org/10.1097/GCO.0b013e3283404e31,,22,6,eng,England,Journal Article; Review,Female; Gynecology/legislation & jurisprudence; Humans; Obstetrics/legislation & jurisprudence; Patient Protection and Affordable Care Act/economics; Patient Protection and Affordable Care Act/legislation & jurisprudence; United States; Women's Health/economics; Women's Health/legislation & jurisprudence,Closed Access,closed,,
30826159,Provision of paediatric and adolescent gynaecology in Europe today: A joint review by the European Association of Paediatric and Adolescent Gynaecology (EURAPAG) and European Board and College of Obstetrics and Gynaecology (EBCOG).,"Paediatric and Adolescent Gynaecology (PAG) is a multidisciplinary field combining aspects of gynaecology but also includes paediatrics, endocrinology, genetics, radiology, psychology and urology. Specialist knowledge is warranted for the care of these youngsters, and it is important that doctors attending to the gynaecological needs of children must understand that they are not just ""little women"". Their needs and accompanying clinical approaches required are very different from those of adults in this sensitive area, as is the spectrum of diseases and problems. A multidisciplinary collaboration is as important as the establishment and adoption of standards in education, training and management. The situation in Europe in PAG is varied, reflecting the relative youth of this area of special interest and thereby allowing for earlier consolidation of standards and services across Europe. This article summarises the background to PAG in Europe, inequitable current provision of care and issues relating to education and training all of which are relevant in providing a common approach to PAG problems and endeavouring to obtain the best outcomes. There remains huge diversity how the services for ""young women"" are currently delivered across different countries within Europe. A concerted European approach is urgently required to streamline standards of training and clinical care, to ensure high quality care by using agreed national and European pathways.","European journal of obstetrics, gynecology, and reproductive biology",2019 Apr,2019,April,,Ivonne Bedei; Zana Bumbuliene; Milko Sirakov; Tahir Mahmood; Paul L Wood,EBCOG; EURAPAG; Europe; Paediatric and adolescent gynaecology; Standards of care; Training,10.1016/j.ejogrb.2018.08.023,https://doi.org/10.1016/j.ejogrb.2018.08.023,,235,,eng,Ireland,Journal Article; Review,"Adolescent; Adolescent Health Services; Adolescent Medicine/methods; Child; Child Health Services; Delivery of Health Care; Europe; Female; Gynecology/methods; Gynecology/organization & administration; Humans; Obstetrics/methods; Obstetrics/organization & administration; Patient Care Team; Pediatrics/methods; Pregnancy; Societies, Medical; Specialty Boards",Closed Access,closed,,
28532631,Competency-Based Medical Education and Assessment of Training: Review of Selected National Obstetrics and Gynaecology Curricula.,"There are global variations in obstetrics and gynaecology (OBGYN) training curricula, both in length and in their structure and content. The ultimate goal for all residency programs is to ensure a skilled, competent physician, capable of independent practice by the end of his or her training. An online search was used for nationally recognized OBGYN training curricula. The curricula of Australia, Canada, the Netherlands, the United Kingdom, and the United States were individually reviewed and evaluated for their use of competency-based medical education and methods of assessment, including simulation. These were also compared to the World Federation for Medical Education's Global Standards for postgraduate medical education. Comparing the OBGYN curricula of these five countries led to quite similar results. Even though curricula reviewed have or will be integrating competency-based medical education into their residency program, there is a need to develop adequate assessment tools, including simulation, to train competent physicians capable of independent practice. Standardization of curricula leads to a decrease in the variability and an increase in the quality of training and allows for measurements and comparisons across centres. Ultimately, modifications to the curricula or even consensus for an international standard, including a standardized national simulation curriculum, may potentially increase the quality and efficiency of training, which could have a direct impact on patient safety and quality of care.",Journal of obstetrics and gynaecology Canada : JOGC = Journal d'obstetrique et gynecologie du Canada : JOGC,2017 Jul,2017,July,,Milena Garofalo; Rajesh Aggarwal,Curriculum; competency-based education; gynecology; medical education; obstetrics; simulation,10.1016/j.jogc.2017.01.024,https://doi.org/10.1016/j.jogc.2017.01.024,,39,7,eng,Netherlands,Journal Article; Review,Australia; Clinical Competence; Competency-Based Education; Curriculum; Educational Measurement/methods; Europe; Female; Gynecology/education; Humans; North America; Obstetrics/education; Pregnancy,Closed Access,closed,,
29266079,ACOG Committee Opinion No. 729: Importance of Social Determinants of Health and Cultural Awareness in the Delivery of Reproductive Health Care.,"Awareness of the broader contexts that influence health supports respectful, patient-centered care that incorporates lived experiences, optimizes health outcomes, improves communication, and can help reduce health and health care inequities. Although there is little doubt that genetics and lifestyle play an important role in shaping the overall health of individuals, interdisciplinary researchers have demonstrated how the conditions in the environment in which people are born, live, work, and age, play equally as important a role in shaping health outcomes. These factors, referred to as social determinants of health, are shaped by historical, social, political, and economic forces and help explain the relationship between environmental conditions and individual health. Recognizing the importance of social determinants of health can help obstetrician-gynecologists and other health care providers better understand patients, effectively communicate about health-related conditions and behavior, and improve health outcomes.",Obstetrics and gynecology,2018 Jan,2018,January,,,,10.1097/AOG.0000000000002459,https://doi.org/10.1097/AOG.0000000000002459,,131,1,eng,United States,Journal Article; Review,Advisory Committees/standards; Awareness; Cultural Competency; Female; Gynecology/standards; Humans; Obstetrics/standards; Patient-Centered Care; Practice Guidelines as Topic; Pregnancy; Reproductive Health; Reproductive Health Services/standards; Social Determinants of Health/ethics; United States,Closed Access,closed,,
25568998,Subspecialty and gender of obstetrics and gynecology faculty in department-based leadership roles.,"OBJECTIVE: To characterize the cohort who may become senior leaders in obstetrics and gynecology by examining the gender and subspecialty of faculty in academic department administrative and educational leadership roles. METHODS: This is an observational study conducted through web sites of U.S. obstetrics and gynecology residency programs accredited in 2012-2013. RESULTS: In obstetrics and gynecology departmental administrative leadership roles, women comprised 20.4% of chairs, 36.1% of vice chairs, and 29.6% of division directors. Among educational leaders, women comprised 31.9% of fellowship directors, 47.3% of residency directors, and 66.1% of medical student clerkship directors. Chairs were most likely to be maternal-fetal medicine faculty (38.2%) followed by specialists in general obstetrics and gynecology (21.8%), reproductive endocrinologists (15.6%), and gynecologic oncologists (14.7%). Among chairs, 32.9% are male maternal-fetal medicine specialists. Family planning had the highest representation of women (80.0%) among division directors, whereas reproductive endocrinology and infertility had the lowest (15.8%). The largest proportion of women chairs, vice chairs, residency program directors, and medical student clerkship directors were specialists in general obstetrics and gynecology. CONCLUSION: Women remained underrepresented in the departmental leadership roles of chair, vice chair, division director, and fellowship director. Representation of women was closer to parity among residency program directors, in which women held just under half of positions. Nearly one in three department chairs was a male maternal-fetal medicine specialist. Compared with subspecialist leaders, specialist leaders in general obstetrics and gynecology were more likely to be women.",Obstetrics and gynecology,2015 Feb,2015,February,,Lisa Hofler; Michele R Hacker; Laura E Dodge; Hope A Ricciotti,,10.1097/AOG.0000000000000628,https://doi.org/10.1097/AOG.0000000000000628,https://www.ncbi.nlm.nih.gov/pmc/articles/PMC4304882/,125,2,eng,United States,"Journal Article; Observational Study; Research Support, N.I.H., Extramural; Research Support, Non-U.S. Gov't","Cross-Sectional Studies; Faculty, Medical/statistics & numerical data; Female; Gynecology/organization & administration; Humans; Leadership; Male; Obstetrics/organization & administration; Sex Factors; Sexism",Open Access,green,,https://www.ncbi.nlm.nih.gov/pmc/articles/4304882
29533589,[Kinesiotaping as an interdisciplinary therapeutic method].,"INTRODUCTION: Kinesiotaping (KT) is one of the newest methods commonly used in many medical sciences: neurology, orthopaedics and traumatology, oncology, gynaecology and obstetrics, and in paediatrics. Due to its special properties, KT can be used depending on individual needs and problems during rehabilitation. AIM: This article presents a systematic review of the clinical effectiveness of using KT in physiotherapy. CONCLUSIONS: KT method is widespread in different medical sciences and is a good method supporting rehabilitation and pharmacological treatment. Due to its special properties it can be used in children, adults, and also pregnant women.",Pomeranian journal of life sciences,2016,2016,,,Hanna Mosiejczuk; Agnieszka Lubińska; Magdalena Ptak; Aleksandra Szylińska; Ewa Kemicer-Chmielewska; Maria Laszczyńska; Iwona Rotter,,,,,62,1,pol,Poland,Journal Article; Review; Systematic Review,Adult; Child; Female; Gynecology/methods; Humans; Obstetrics/methods; Orthopedics/methods; Physical Therapy Modalities; Pregnancy; Traumatology/methods,Unknown,,,
35180995,Evolving anatomy education strategies for surgical residents: A scoping review.,"INTRODUCTION: Dedicated anatomy educational time in medical schools has decreased significantly, disproportionately affecting surgical residents. In this scoping review, we aim to consolidate existing evidence, describe ongoing research, and highlight future directions for surgical anatomy education. METHODS: Two independent investigators searched MEDLINE, EMBASE, and the Cochrane library, for educational interventions targeting anatomy knowledge in surgical residents. English articles until October 28, 2021, were reviewed. RESULTS: 1135 abstracts were considered, and 59 (5.2%) included. Agreement on inclusion was excellent (k = 0.90). The majority were single-cohort studies (53%) and prospective cohort studies (17%). The most common disciplines were General Surgery (17%) and Obstetrics and Gynecology (17%). DISCUSSION: Cadavers consistently produce positive knowledge gains and are heavily favored by residents. They remain the educational method to which new educational models are compared. New technologies do not yet match cadaver fidelity. Research showing knowledge translation from cadaver labs to patient outcomes remains limited.",American journal of surgery,2022 Aug,2022,August,,Lucas Streith; Lina Cadili; Sam M Wiseman,Anatomy; Medical education; Review; Surgical education,10.1016/j.amjsurg.2022.02.005,https://doi.org/10.1016/j.amjsurg.2022.02.005,,224,2,eng,United States,Journal Article; Scoping Review,Anatomy/education; Cadaver; Gynecology/education; Humans; Internship and Residency; Obstetrics/education; Prospective Studies,Closed Access,closed,,
18981793,Physician practice behavior and litigation risk: evidence and opportunity.,"Malpractice risk bedevils obstetricians. Suits can be a nuisance or emotionally and financially devastating. In this chapter, we ask simple questions and provide empiric data to demonstrate that interpersonal factors trigger suits. A supportive relationship between the obstetrician, team members, and the patient can reduce the chance of being sued after an unexpected event. Collaboration between physician colleagues and others to promote teamwork reduces error and increases patient satisfaction. Physicians who disrupt the emotional ecosystem increase liability for themselves and team members. A method of identifying physicians at increased risk and a strategy for intervening to reverse the pattern is described.",Clinical obstetrics and gynecology,2008 Dec,2008,December,,Gerald B Hickson; Stephen S Entman,,10.1097/GRF.0b013e3181899c2c,https://doi.org/10.1097/GRF.0b013e3181899c2c,,51,4,eng,United States,Journal Article; Review,"Communication; Female; Gynecology/legislation & jurisprudence; Gynecology/standards; Humans; Malpractice/statistics & numerical data; Medical Errors/prevention & control; Obstetrics/legislation & jurisprudence; Obstetrics/standards; Patient Satisfaction; Physician-Patient Relations; Practice Patterns, Physicians'; Pregnancy; Risk-Taking; United States",Closed Access,closed,,
22918680,The methodological quality of economic evaluation studies in obstetrics and gynecology: a systematic review.,"We evaluated the methodological quality of economic evaluation studies in the field of obstetrics and gynecology published in the last decade. A MEDLINE search was performed to find economic evaluation studies in obstetrics and gynecology from the years 1997 through 2009. We included full economic evaluation studies concerning tests or interventions in the field of obstetrics or gynecology. Each included study was evaluated by two reviewers using a quality checklist that was based on international guidelines for medical economic evaluation studies and a checklist used in a previous review. The mean number of quality criteria adhered to was 23 of 30 items, whereas five articles (3%) met all 30 criteria. Compliance was low for the description of the perspective (40%), the completeness of costs looking at the perspective (48%) or time horizon (48%), and reporting of quantities of resources (47%). Furthermore, if no discounting was applied, an explanation was infrequently given (14%). A comparison of study quality to that reported by Smith and Blackmore showed a considerable improvement in the following criteria: presentation perspective (from 19 to 40%), statement of primary outcome measure (from 72 to 81%), completeness costs looking at the time horizon (from 14 to 48%), the presentation of discount rates (from 10 to 54%), details of sensitivity analyses (from 21 to 61%), reporting incremental results (from 17 to 70%), and reporting a summary measure (from 57 to 74%). The quality of economic studies in obstetrics and gynecology has considerably improved in the last decade, but room for further improvement is present.",American journal of perinatology,2013 Apr,2013,April,,Sylvia M C Vijgen; Brent C Opmeer; Ben Willem J Mol,,10.1055/s-0032-1323591,https://doi.org/10.1055/s-0032-1323591,,30,4,eng,United States,Comparative Study; Journal Article; Review; Systematic Review,"Checklist/standards; Cost-Benefit Analysis; Economics, Medical; Female; Gynecology/economics; Gynecology/methods; Humans; Netherlands; Obstetrics/economics; Obstetrics/methods; Pregnancy; Quality Control",Closed Access,closed,,
33399427,Seizures: Clinical Updates in Women's Health Care Primary and Preventive Care Review.,"Epilepsy is a common disease that affects 1.5 million women of childbearing age in the United States. Approximately 24,000 women with epilepsy give birth each year. The challenges for women with epilepsy extend from menarche to postmenopause, including prepregnancy, pregnancy, intrapartum and postpartum periods, menopause, and postreproductive age. The most up-to-date neurology and epilepsy guidelines provided in this monograph will enable obstetrician-gynecologists to provide care to women with this complex condition across the life span.",Obstetrics and gynecology,2021 Jan 01,2021,January,01,Amy Hessler; Katelyn Dolbec,,10.1097/AOG.0000000000004211,https://doi.org/10.1097/AOG.0000000000004211,,137,1,eng,United States,Journal Article; Review,Female; Gynecology; Humans; Obstetrics; Pregnancy; Pregnancy Complications; Primary Health Care; Seizures; Women's Health,Closed Access,closed,,
31285653,The Role of Deconstructive Teaching in the Training of Laparoscopy.,"BACKGROUND AND OBJECTIVES: Skills-lab training is crucial for the development of advanced laparoscopic skills. In this study, we examined whether a systematic deconstructive and comprehensive tutoring approach improves training results in laparoscopic suturing and intracorporeal knot tying. METHODS: Sixteen residents in obstetrics and gynecology participating in structured skills-lab laparoscopy training were randomized in 2 equal-sized groups receiving 1-on-1 tutoring either in the traditional method or according to the Peyton's 4-step approach, involving an additional training step, with the trainees instructing the tutor to perform the exercises. A validated assessment tool (revised Objective Structured Assessment of Technical Skills) and the number of completed square knots per training session and the mean time per knot were used to assess the efficacy of training in both groups. RESULTS: Trainees in Peyton's group achieved significantly higher revised Objective Structured Assessment of Technical Skills scores (28.6 vs 23.9 points; P = .05) and were able to improve their scores during autonomous training repetitions, in contrast to the trainees not in Peyton's group (difference +4.75 vs -4.29 points, P = .02). Additionally, they seemed to be able to perform a greater number of successful knots during the exercise and to complete each knot quicker with the later observations failing to reach the threshold of statistical significance. CONCLUSION: Peyton's 4-step approach seemed to be superior for teaching laparoscopic skills to obstetrics and gynecology residents in the skills-lab setting and can be therefore proposed for training curricula.",JSLS : Journal of the Society of Laparoendoscopic Surgeons,2019,2019,,,Dimitrios Balafoutas; Ralf Joukhadar; Matthias Kiesel; Sebastian Häusler; Sanja Loeb; Achim Woeckel; Daniel Herr,Laparoscopic training; Pelvitrainer; Peyton's 4-step approach,10.4293/JSLS.2019.00020,https://doi.org/10.4293/JSLS.2019.00020,https://www.ncbi.nlm.nih.gov/pmc/articles/PMC6600054/,23,2,eng,United States,Journal Article; Randomized Controlled Trial,Adult; Clinical Competence; Curriculum; Female; Gynecology/education; Humans; Internship and Residency; Laparoscopy/education; Male; Obstetrics/education; Suture Techniques/education,Open Access,hybrid,cc-by-nc-nd,https://www.ncbi.nlm.nih.gov/pmc/articles/PMC6600054/pdf/e2019.00020.pdf
26855110,Comparison of Women in Department Leadership in Obstetrics and Gynecology With Those in Other Specialties.,"OBJECTIVE: To compare the representation of women in obstetrics and gynecology department-based leadership to other clinical specialties while accounting for proportions of women in historical residency cohorts. METHODS: This was a cross-sectional observational study. The gender of department-based leaders (chair, vice chair, division director) and residency program directors was determined from websites of 950 academic departments of anesthesiology, diagnostic radiology, general surgery, internal medicine, neurology, obstetrics and gynecology, pathology, pediatrics, and psychiatry. Each specialty's representation ratio-proportion of leadership roles held by women in 2013 divided by proportion of residents in 1990 who were women-and 95% confidence interval (CI) were calculated. A ratio of 1 indicates proportionate representation. RESULTS: Women were significantly underrepresented among chairs for all specialties (ratios 0.60 or less, P≤.02) and division directors for all specialties except anesthesiology (ratio 1.13, 95% CI 0.87-1.46) and diagnostic radiology (ratio 0.97, 95% CI 0.81-1.16). The representation ratio for vice chair was below 1.0 for all specialties except anesthesiology; this finding reached statistical significance only for pathology, pediatrics, and psychiatry. Women were significantly overrepresented as residency program directors in general surgery, anesthesiology, obstetrics and gynecology, and pediatrics (ratios greater than 1.19, P≤.046). Obstetrics and gynecology and pediatrics had the highest proportions of residents in 1990 and department leaders in 2013 who were women. CONCLUSION: Despite having the largest proportion of leaders who were women, representation ratios demonstrate obstetrics and gynecology is behind other specialties in progression of women to departmental leadership. Women's overrepresentation as residency program directors raises concern because education-based academic tracks may not lead to major leadership roles.",Obstetrics and gynecology,2016 Mar,2016,March,,Lisa G Hofler; Michele R Hacker; Laura E Dodge; Rose Schutzberg; Hope A Ricciotti,,10.1097/AOG.0000000000001290,https://doi.org/10.1097/AOG.0000000000001290,https://www.ncbi.nlm.nih.gov/pmc/articles/PMC4764498/,127,3,eng,United States,"Comparative Study; Journal Article; Observational Study; Research Support, N.I.H., Extramural; Research Support, Non-U.S. Gov't",Cross-Sectional Studies; Female; Gynecology/organization & administration; Humans; Leadership; Male; Obstetrics/organization & administration; Sexism,Closed Access,closed,,
9690154,[Gynecology and obstetrics in the 21st century].,,"Journal de gynecologie, obstetrique et biologie de la reproduction",1998 Jun,1998,June,,R Vokaer,,,,,27,4,fre,France,Editorial; Review,Forecasting; Gynecology/instrumentation; Gynecology/methods; Gynecology/trends; Humans; Obstetrics/instrumentation; Obstetrics/methods; Obstetrics/trends,Unknown,,,
36223862,Video Playback as an Educational Tool for Improving Resident Laparoscopic Performance: A Randomized Controlled Trial.,"STUDY OBJECTIVE: In this single-masked randomized controlled study, we evaluate whether watching video recordings of oneself performing Fundamentals of Laparoscopic Skills (FLS) exercises results in an improvement on the 30-point Global Operative Assessment of Laparoscopic Skills (GOALS) assessment among Obstetrics and Gynecology (Ob/Gyn) residents. DESIGN: Twenty-three Ob/Gyn residents in the 2020-2021 academic year completed the FLS exercises while being timed, video recorded, and receiving real-time feedback from an Ob/Gyn faculty member. Baseline GOALS assessment was completed by participants and faculty. After the intervention, all participants then repeated the FLS exercises while being timed and were again scored using the GOALS assessment. Each participant completed the study in a single session. In addition, all participants completed a pre- and post-test survey. SETTING: University of Louisville Laparoscopic Skills Labortaory. PARTICIPANTS: University of Louisville Ob/Gyn residents in the 2020-2021 academic year. INTERVENTION: Twelve participants were randomized to the intervention and were allowed to watch their video recording in addition to receiving verbal feedback whereas the remaining 11 received verbal feedback only. MEASUREMENTS AND MAIN RESULTS: There were significant improvements in faculty (p <.01) and self-reported GOALS scores (p <.01) when comparing both the intervention and control group with baseline scores. The intervention group improved by 3.2 points more than that of the control group based on masked faculty evaluation (95% confidence interval, 1.4-5.0 points; p <.01). The difference was not significant in resident self-scores. Overall time improved for all participants (15:54 ± 0.21 minutes before and 13:13 ± 0.14 minutes after), but this difference was not significant between the 2 groups. Higher postgraduate year (PGY) residents reported significantly more comfort performing laparoscopic tasks, earned higher GOALS score (faculty and self-scores), and completed the first set of exercises in less time. A significant interaction between PGY and intervention was detected with improvement in GOALS score most strongly associated with PGY4 residents (p <.01). CONCLUSION: Although all learners objectively benefit from watching recordings of themselves performing surgical tasks, advanced learners may benefit the most when video recordings are used as an educational tool.",Journal of minimally invasive gynecology,2023 Jan,2023,January,,Jenna M Warehime; Stacy M Lenger; Xiang Yu Feng; Zebulun Cope; Rehan Feroz; Jeremy Gaskins; Ankita Gupta; Sean Francis; Jennifer Hamm,Education; Laparoscopic; Residency; Video,10.1016/j.jmig.2022.10.002,https://doi.org/10.1016/j.jmig.2022.10.002,,30,1,eng,United States,Randomized Controlled Trial; Journal Article,Humans; Internship and Residency; Clinical Competence; Gynecology/education; Obstetrics/education; Laparoscopy,Closed Access,closed,,
33425332,"Statewide implementation of a quality improvement initiative for reproductive, maternal, newborn and child health and nutritionin Bihar, India.","BACKGROUND: CARE India designed and implemented a comprehensive, statewide quality improvement (QI) initiative to improve reproductive, maternal, newborn, and child health and nutrition (RMNCHN) services in public facilities in Bihar. We provide a description of this initiative and its key results during 2014-2017. METHODS: We reviewed program documents to identify QI strategies employed and ascertain their coverage. We analysed data from: a) two public facility assessments to ascertain the availability of essential equipment and supplies and the distribution of human resources by facility level; b) a four-phase provider mentoring and training intervention covering 319 facilities to examine changes in emergency obstetric and newborn care (EmONC) practices; and c) four state-representative household surveys to explore changes in selected RMNCHN service utilisation by health sector. Associations of interest were ascertained using χ2 tests. RESULTS: Thirty-eight District Quality Assurance Committees and QI teams in 98% of facilities were formed to develop an implementation plan for the QI initiative and oversee its execution. QI strategies were to strengthen facilities' infrastructure; build the state's contracting, procurement, and inventory management capacities; rationalise human resources; improve providers' skills; and modernise data systems. Implementation led to facility infrastructure upgrades, improved clinical staff distribution, and higher availability of equipment and supplies over time, especially in higher-level facilities. Following the mentoring and training intervention in facilities offering both basic and comprehensive EmONC, performance of key practices (eg, adequate administration of uterotonics <1 minute after birth, initiation of skin-to-skin care <5 minutes after birth) improved significantly (P < 0.05). CARE India collected program data and assisted with modernising data systems for tracking human resources, supplies, and program progress statewide. Of women seeking antenatal care, the proportion obtaining key screenings (eg, weight, blood pressure measurements) in public facilities increased over time (P < 0.05). A 6-percentage point decline in home deliveries during 2016-2017 was accompanied by a higher increase of deliveries in public than private facilities (5- vs 1-percentage point; P < 0.05). CONCLUSION: Substantial advances were made in improving RMNCHN service quality in Bihar. Continued improvement building on the established QI platform is expected and should be guided by data from now functional data systems.",Journal of global health,2020 Dec,2020,December,,Andreea A Creanga; Sridhar Srikantiah; Tanmay Mahapatra; Aritra Das; Sunil Sonthalia; Prabir Ranjan Moharana; Aboli Gore; Sanjiv Daulatrao; Rohini Durbha; Sunil Kaul; Christine Galavotti; Anne Laterra; Kevin T Pepper; Gary L Darmstadt; Hemant Shah,,10.7189/jogh.10.021008,https://doi.org/10.7189/jogh.10.021008,https://www.ncbi.nlm.nih.gov/pmc/articles/PMC7759019/,10,2,eng,Scotland,Journal Article; Review,"Child Health; Female; Humans; India; Infant Health; Infant, Newborn; Maternal Health; Maternal-Child Health Services; Nutritional Status; Pregnancy; Prenatal Care; Quality Improvement; Reproductive Health",Unknown,,,
34294570,"Professional Address during Obstetrics and Gynecology Grand Rounds Introductions: Setting the Stage, Setting the Standard.","OBJECTIVE: This study aimed to assess gender dynamics during Obstetrics and Gynecology (Ob/Gyn) Grand Rounds. DESIGN: This was an observational cohort study of Ob/Gyn Grand Rounds introductions at a large academic center. Ob/Gyn Grand Rounds introductions from December 2016 to February 2020 were included. Audio and video components of introductions for those with doctorate degrees were reviewed. Each named reference to the presenter and use of descriptors were collected. Statistical analyses included Fisher's exact test for categorical variables and Student's t-test for continuous variables. SETTING: This study was completed at the University of Wisconsin in the Department of Ob/Gyn PARTICIPANTS: Ob/Gyn Grand Rounds introducers who had complete audio and video components of introductions for those with doctorate degrees. RESULTS: Sixty-four Grand Rounds introductions were reviewed; 57 met inclusion criteria. The majority of introducers and presenters were women. Consistent use of ""doctor"" was similar by men and women introducers (50% vs. 29%, p = 0.427). Assistant professors were more likely to maintain professional address during introductions, compared to associate or full professors (86% vs. 0% vs. 10%, p < 0.001). Trainees were less likely than faculty to be addressed professionally at any time during introductions (42% vs. 81%, p = 0.017). Descriptors were used for men and women presenters, though men received more female-gendered descriptors than women (5 vs. 1, p = 0.011). Women introducers used productivity descriptors less often than men introducers (8 [15.1%] vs. 5 [55.6%] (p = 0.015)). CONCLUSIONS: Use of professional address was associated with academic rank, but not gender. Men endorsed and received more descriptors emphasizing accomplishments, highlighting qualifications as an expert. Given the professional environment, all Grand Rounds presenters should be introduced using professional titles.",Journal of surgical education,2021,2021,,,Renee T Sullender; Melissa F Meyer; Emily M Buttigieg; Zachary R Dunton; Amy Godecker; Narjust Duma; Sarah M Temkin; Christine A Heisler,Grand Rounds; Interpersonal and Communication Skills; Obstetrics and Gynecology; Professionalism; Systems-Based Practice; academic medicine; gender bias; unconscious bias; women physicians,10.1016/j.jsurg.2021.06.011,https://doi.org/10.1016/j.jsurg.2021.06.011,,78,6,eng,United States,Journal Article; Observational Study,Female; Gynecology/education; Humans; Male; Obstetrics/education; Physicians; Pregnancy; Teaching Rounds,Closed Access,closed,,
29653261,Assessment of Obstetric and Gynecologic Food and Drug Administration Device Approvals and Recalls.,"STUDY OBJECTIVE: To evaluate and compare the recall rates of obstetric and gynecologic devices approved via the Food and Drug Administration's 510(k) and premarket approval (PMA) processes. DESIGN: A retrospective observational study (Canadian Task Force classification II-2). SETTING: Clinical settings in the United States that use obstetric and gynecologic devices. SUBJECTS: Two thousand two hundred forty-nine Food and Drug Administration-approved obstetric and gynecologic devices that were recalled between November 1, 2002, and December 31, 2017. MEASUREMENTS AND MAIN RESULTS: The class of device, class of recall, date of recall, and original approval process were obtained for each device. These were compared against the total number of approved devices during this time period in the PMA and 510(k) processes. Recall proportions of each process were calculated and compared. A total of 685 devices were approved via the PMA process, and 1564 devices were approved via the 510(k) process in the observed time period. Of these, 1.17% of the PMA-approved devices and 15.98% of the 510(k)-approved devices were recalled (p < .001). There was an overall increase in absolute device recall numbers over time in the 510(k) process, whereas the number of recalls in the PMA process did not change with time. CONCLUSION: The recall event rate for the 510(k) approval process is 13.6 times the rate for the PMA approval process for obstetric and gynecologic devices. Analysis of the results suggests improper device risk classification, inappropriate assignment of the approval process, increased device malfunctions, recalls by the 510(k) process and, therefore, increased risk to patients by these devices. This warrants a call for improvement and increased scrutiny in the 510(k) approval process for devices used in obstetrics and gynecology.",Journal of minimally invasive gynecology,2018,2018,,,Sheena Galhotra; Joseph Maurice,Classification; Instrument; Laparoscopic; Malfunction; Regulation,10.1016/j.jmig.2018.03.029,https://doi.org/10.1016/j.jmig.2018.03.029,,25,7,eng,United States,Journal Article; Observational Study,"Device Approval; Female; Gynecology/instrumentation; Humans; Medical Device Recalls/standards; Obstetrics/instrumentation; Product Surveillance, Postmarketing; Retrospective Studies; United States; United States Food and Drug Administration",Closed Access,closed,,
15887609,Physicians' liability in obstetric and gynecology practice.,"PURPOSE: Litigation in obstetric and gynecologic practice has arisen as an important issue. This article aims to highlight issues related to malpractice in obstetrics and gynecology in order to point out several important aspects of medical practice, which may offer adequate professional protection. METHODS AND MATERIAL: Search of the current relevant literature. RESULTS: The four most common clinical causes of medical litigation in obstetrics and gynecology are cases involving fetal distress, uterine rupture after a vaginal birth in a woman with a previous Cesarean section, shoulder dystocia, and misdiagnosis of breast cancer. Litigation raised in most of the cases is driven by bad outcomes and not by malpractice. Additionally, both juries and the public often expect perfection as the natural result of pregnancy and any deviation from this expectation has to be the result of someone's negligence. For this reason it has become mandatory for doctors in hospitals and private practices to acquire a sufficient knowledge relating to modem management, to document carefully in writing their procedural and management plans and to become familiar with the legal aspects of medical practice. Adequate communication and a written patient's consent form are of paramount importance. CONCLUSION: Maintenance of high standards in daily practice with continuous training, clear communication and a signed Patient's Informed Consent Form along with the appropriate documentation of any procedure carried out may provide professional safety to practicing obstetricians and gynecologists in case of medical litigation.",Medicine and law,2005 Mar,2005,March,,Anna Mavroforou; Evgenios Koumantakis; Emmanuel Michalodimitrakis,,,,,24,1,eng,United States,Journal Article; Review,"Europe; Gynecology/legislation & jurisprudence; Humans; Liability, Legal; Malpractice/legislation & jurisprudence; Obstetrics/legislation & jurisprudence; United States",Unknown,,,
36941138,Resident Burnout Trends During COVID-19: A Retrospective Observational Study.,"OBJECTIVE: This study was designed to assess the effects of the coronavirus disease pandemic on job satisfaction (JS) and burnout among surgical sub-specialty residents. DESIGN: This is a retrospective, observational, survey-based study. We administered a web-based questionnaire to surgical sub-specialty residents, and results were compared to a prior study in 2016. The questionnaire included elements on demographics, JS, burnout, and self-care habits. Basic statistical analyses were used to compare data from 2020 and 2016. SETTING: This study takes place at Robert Wood Johnson University Hospital, a single mid-sized New Jersey-based academic institution. PARTICIPANTS: This survey was sent to all obstetrics and gynecology and general surgery residents from every postgraduate year based out of our institution. The survey was sent to a total of 50 residents across the 2 programs. Forty total residents responded to the survey, with a response rate of 80%. RESULTS: JS was significantly higher in 2020 than 2016 (p < 0.001). There were no differences between postgraduate years for 2020 or 2016 in emotional exhaustion (p = 0.29, p = 0.75), personal accomplishment (p = 0.88, p = 0.26), or depersonalization (p = 0.14, p = 0.59) burnout scores. A total of 0% of residents in 2020 worked fewer than 61 hours per week. Residents in 2020 exercised more (40.0% vs 21.6%), had similar alcohol usage (60%), and had similar diets to residents in 2016. Residents in 2020 were less likely to regret their specialty (7.5% vs 21.6%), consider changing residencies (30.0% vs 37.8%), or consider a career change (15.0% vs 45.9%). CONCLUSIONS: JS scores were significantly higher during the coronavirus disease pandemic. The cancellation of elective surgeries led to a lighter workload for surgical residents. Residents were uncertain of their role during the pandemic, however, new stressors encouraged residents to seek alternative methods for personal wellness.",Journal of surgical education,2023 Jun,2023,June,,Adam D Elwood; Nell MaloneyPatel; Juana Hutchinson-Colas,"burnout; coronavirus, COVID-19, job satisfaction, resident, wellness",10.1016/j.jsurg.2023.02.014,https://doi.org/10.1016/j.jsurg.2023.02.014,https://www.ncbi.nlm.nih.gov/pmc/articles/PMC9968607/,80,6,eng,United States,Observational Study; Journal Article,"Humans; COVID-19/epidemiology; Internship and Residency; Gynecology/education; Burnout, Professional/epidemiology; Burnout, Professional/psychology; Obstetrics/education; Surveys and Questionnaires",Open Access,green,,https://www.ncbi.nlm.nih.gov/pmc/articles/9968607
34353570,Making an African American REI physician: a story of mentorship.,Few African American men graduating from medical school find a home as a provider in obstetrics and gynecology. This is a story of mentorship at every level of the medical pipeline and should serve as a primer on how to help future leaders from diverse backgrounds.,Fertility and sterility,2021 Aug,2021,August,,Michael A Thomas,Diversity; inclusion; medical pipeline; mentorship,10.1016/j.fertnstert.2021.06.043,https://doi.org/10.1016/j.fertnstert.2021.06.043,,116,2,eng,United States,Journal Article; Review,Black or African American; Gynecology/education; Humans; Mentors; Obstetrics/education,Open Access,hybrid,cc-by-nc-nd,https://doi.org/10.1016/j.fertnstert.2021.06.043
17765494,Professional misconduct and ethics.,"Quality medical care focuses on achieving the greatest benefit while minimizing the risk of patient harm. This standard can become clouded in the case of a parturient and her fetus. The maternal-fetal relationship is unlike any other faced by physicians due to the fetus' complete physiologic dependence on the mother and because both the fetus and mother are considered patients of the obstetrician. This article reviews the ethical principles in obstetrics and gynecology and the laws and regulations that define professional misconduct. Although professional misconduct and ethics are separate entities, there are times when a physician's conduct must be examined from the standpoint of statutory misconduct and ethical uncertainties.",Clinics in perinatology,2007 Sep,2007,September,,Steven F Seidman,,10.1016/j.clp.2007.03.015,https://doi.org/10.1016/j.clp.2007.03.015,,34,3,eng,United States,Journal Article; Review,"Gynecology/ethics; Gynecology/legislation & jurisprudence; Humans; Obstetrics/ethics; Obstetrics/legislation & jurisprudence; Professional Misconduct/ethics; Professional Misconduct/legislation & jurisprudence; Societies, Medical/ethics; Societies, Medical/legislation & jurisprudence; United States",Closed Access,closed,,
38267130,Obstetric and Gynecologic Care for Individuals with Disabilities.,"This article explores the inequities experienced by individuals with disabilities when accessing obstetric and gynecologic care. The unique needs, abilities, and barriers to care are reviewed, as well as recommendations for provision of care to people with disabilities.",Obstetrics and gynecology clinics of North America,2024 Mar,2024,March,,Kathleen E O'Brien; Monica Woll Rosen; Susan Dwyer Ernst,Disparity; Education; Family planning; Intellectual disability; Physical disability; Reproductive health; Sexuality,10.1016/j.ogc.2023.10.002,https://doi.org/10.1016/j.ogc.2023.10.002,,51,1,eng,United States,Journal Article; Review,Female; Humans; Pregnancy; Persons with Disabilities; Obstetrics; Gynecology; Delivery of Health Care,Closed Access,closed,,
25615599,"Understanding the black box: a systematic review of the measurement of the community mobilization process in evaluations of interventions targeting sexual, reproductive, and maternal health.","Community mobilization (CM) interventions are often used to improve sexual, reproductive, and maternal health (SRMH). This systematic review provides an overview of CM indicators used in evaluation and then focuses on the use of linking constructs-those measures of the process of CM between programmatic outputs and outcomes. We identified 108 English-language articles evaluating 86 CM interventions that target SRMH. Content analysis was used to code CM indicators into five categories: qualitative descriptions of CM; participation, diffusion and community action indicators that measure tangible, programmatic outputs; and linking constructs that capture the process of moving from participation to empowerment. Fifty-five (64.0%) interventions include a CM indicator. Diffusion indicators are most common (56.4%); linking constructs are least common (20.0%). We found 23 linking constructs used in evaluations of 11 interventions, with limited information on psychometric properties available. Three evaluations report positive relationships between linking constructs and condom use, one of which was significant in multivariate analysis. To better understand how CM leads to improved outcomes, we recommend increasing the measurement of linking constructs in evaluations of CM interventions. Research should focus on developing and validating new linking construct indicators and better disseminating existing measurement tools.",Evaluation and program planning,2015 Apr,2015,April,,Lara Altman; Anne K Sebert Kuhlmann; Christine Galavotti,Community action; Community health care; Evaluation studies; Information dissemination; Linking constructs; Maternal health; Reproductive health; Systematic review,10.1016/j.evalprogplan.2014.11.010,https://doi.org/10.1016/j.evalprogplan.2014.11.010,,49,,eng,England,"Journal Article; Research Support, Non-U.S. Gov't; Review; Systematic Review",Community Participation; Female; Health Promotion/methods; Health Promotion/standards; Humans; Male; Maternal Health; Program Evaluation; Reproductive Health,Closed Access,closed,,
20451461,Review of subspeciality training in obstetrics and gynaecology.,"Subspeciality training in obstetrics and gynaecology in the United Kingdom was introduced more than 25 years ago following a report published by a working party of the Royal College of Obstetricians and Gynaecologists (RCOG) in 1982. There are now over 400 accredited subspecialists and over 150 approved subspeciality training programmes. It is timely to consider whether there are sufficient or too many subspeciality training programmes and whether some of the training resource should be directed towards delivery of advanced training skills modules (ATSMs). It is 5 years since the establishment of the Postgraduate Medical Education and Training Board (PMETB), which has responsibility for all postgraduate medical education and training, which includes the subspecialities. This has changed the way that new centres are approved and training programmes monitored and assessed. The RCOG has the expertise and experience to ensure that programmes deliver high-quality training to develop doctors for the future who will become leaders in their field. Changes to the curriculum and methods of assessment of trainees need to be integrated into the structures developed by PMETB.",Best practice & research. Clinical obstetrics & gynaecology,2010 Dec,2010,December,,David I M Farquharson,,10.1016/j.bpobgyn.2010.03.002,https://doi.org/10.1016/j.bpobgyn.2010.03.002,,24,6,eng,Netherlands,Journal Article; Review,"Clinical Competence; Education, Medical, Graduate/organization & administration; Education, Medical, Graduate/standards; Education, Medical, Graduate/trends; Educational Measurement/methods; Gynecology/education; Gynecology/trends; Obstetrics/education; Obstetrics/trends; United Kingdom; Workforce",Closed Access,closed,,
38553049,"Guidance on sexual, reproductive, maternal, newborn, child and adolescent health in humanitarian and fragile settings: a scoping review.","INTRODUCTION: Progress related to sexual, reproductive, maternal, newborn, child and adolescent health (SRMNCAH) has stalled. COVID-19, conflict and climate change threaten to reverse decades of progress and to ensure the health and well-being of vulnerable populations in humanitarian and fragile settings (HFS) going forward, there is a need for tailored guidance for women, children and adolescents (WCA). This review seeks to map and appraise current resources on SRMNCAH in HFS. METHODS: In line with the updated Joanna Briggs Institute guidance and the Preferred Reporting Items for Systematic Reviews and Meta-Analyses Extension for Scoping Reviews framework, a manual literature review was conducted of global and regional guidance published between January 2008 and May 2023 from members of the Global Health Cluster, the Global Nutrition Cluster and the Inter-Agency Working Group on Reproductive Health in Crises. A content analysis was conducted. Scores were then calculated according to the Appraisal of Guidelines for Research and Evaluation II scoring tool and subsequently categorised as high quality or low quality. RESULTS: A total of 730 documents were identified. Of these, 141 met the selection criteria and were analysed. Available guidance for delivering SRMNCH services exists, which can inform policy and programming for the general population and WCA. Important gaps related to beneficiaries, health services and health system strengthening strategies were identified. CONCLUSION: The review revealed there is evidence-based guidance available to support interventions targeting WCA in HFS, including: pregnant and lactating women, women of reproductive age, adolescents, newborns, small vulnerable newborns, stillbirths, refugees and internally displaced persons and WCA with disabilities. However, gaps related to beneficiaries, health services and health system strengthening strategies must be addressed in updated guidance that is created, disseminated and monitored in a standardised way that is mindful of the need to respond rapidly in HFS.",BMJ global health,2024 Mar 29,2024,March,29,Mehr Gul Shah; Teesta Dey; Sophie Marie Kostelecky; Maria El Bizri; Mariana Rodo; Neha S Singh; Samira Aboubaker; Egmond Samir Evers; Per Ashorn; Etienne V Langlois,Health systems; Health systems evaluation; Maternal health; Public Health; Systematic review,10.1136/bmjgh-2023-013944,https://doi.org/10.1136/bmjgh-2023-013944,https://www.ncbi.nlm.nih.gov/pmc/articles/PMC10982774/,9,3,eng,England,Journal Article; Scoping Review,"Humans; Adolescent; Child; Infant, Newborn; Female; Reproductive Health; Adolescent Health; Child Health; Sexual Health; Maternal Health; Infant Health; COVID-19; Altruism; Pregnancy",Open Access,gold,cc-by,https://gh.bmj.com/content/bmjgh/9/3/e013944.full.pdf
21823841,Lifelong learning in obstetrics and gynaecology: how theory can influence clinical practice.,"Lifelong learning refers to the systematic acquisition, renewal, updating and completion of knowledge. It is synonymous with the term 'self-directed learning'. This is a new educational strategy meant to consolidate knowledge in a fashion that is reproducible for a lifetime with successful application to both known and unknown clinical exercises. The development of lifelong learning is based on the principles of andragogy (autonomy and independence in one's learning activities), reflection and learning from experience. This paper deals with the development of these theories culminating in the advent of self-directed learning. Evidence to support experiential, reflective and self-directed learning is provided, including the use of rating scales. An example from obstetrics is used to highlight the application of these principles. There are barriers to adopting a new educational paradigm, however, lifelong learning remains an excellent tool for continuous professional development.",Journal of obstetrics and gynaecology : the journal of the Institute of Obstetrics and Gynaecology,2011 Aug,2011,August,,S Mukhopadhyay; S Smith; J Cresswell,,10.3109/01443615.2011.587050,https://doi.org/10.3109/01443615.2011.587050,,31,6,eng,England,Journal Article; Review,"Clinical Competence; Education, Continuing; Gynecology/education; Humans; Obstetrics/education",Closed Access,closed,,
32559793,Evaluation of a Laparoscopic Multi-approach Training for Obstetrics and Gynecology Residents.,"OBJECTIVE: To analyze the applicability and efficiency of a multi-approach laparoscopic training in improving basic laparoscopic skills of obstetrics and gynecology (OBGYN) residents. METHODS: Cross-sectional, observational and descriptive study, developed at the Experimentation and Surgery Training Center (CETEC, in the Portuguese acronym) of the Hospital Israelita Albert Einstein with OBGYN residents. Theoretical and practical tests were applied to 24 OBGYN residents to assess their laparoscopic skills before and after their participation in an 8-week course. The course involved theoretical lectures and practical laparoscopic surgery exercises developed using rubber models, black boxes, virtual simulators and animal models (pigs). RESULTS: There was an overall improvement in the ability of the residents, with an increase in the number of correct answers in the theoretical evaluation and decrease in the time needed to perform practical tests (needle holder assembly and laparoscopic node). The course was evaluated by the students as highly relevant for both improving their surgical skills and motivating them to continue practicing. CONCLUSION: Laparoscopic training using multiple approaches resulted in significant improvement of surgical skills with a high satisfaction level of the participants. Further studies are still needed to measure the long-term retention of these acquired skills.",Revista brasileira de ginecologia e obstetricia : revista da Federacao Brasileira das Sociedades de Ginecologia e Obstetricia,2020 Jul,2020,July,,Débora Davalos Albuquerque Maranhao; Gustavo Anderman Silva Barison; Vanessa Alvarenga-Bezerra; Laís Assenheimer de Paula Ferreira; Anucha Andrade Schindler Leal; Renato Moretti-Marques; Sergio Podgaec; Eduardo Zlotnik; Mariano Tamura Vieira Gomes,,10.1055/s-0040-1712997,https://doi.org/10.1055/s-0040-1712997,https://www.ncbi.nlm.nih.gov/pmc/articles/PMC10309214/,42,7,eng,Brazil,Journal Article; Observational Study,"Clinical Competence; Cross-Sectional Studies; Gynecology/education; Humans; Internship and Residency/methods; Laparoscopy/education; Models, Anatomic; Models, Animal; Obstetrics/education; Teaching; Virtual Reality",Open Access,gold,cc-by,http://www.thieme-connect.de/products/ejournals/pdf/10.1055/s-0040-1712997.pdf
30267653,"The importance of access to comprehensive reproductive health care, including abortion: a statement from women's health professional organizations.","Barriers to women's reproductive health care access, particularly for termination of pregnancy, are increasing at the local, regional, and national levels through numerous institutional, legislative, and regulatory restrictions. Lack of access to reproductive health care has negative consequences for women's health. Twelve women's health care organizations affirm their support for access to comprehensive reproductive health care, including abortion.",American journal of obstetrics and gynecology,2019 Jan,2019,January,,Eve Espey; Amanda Dennis; Uta Landy,abortion; access; legislative restrictions; professional organizations; reproductive health care,10.1016/j.ajog.2018.09.008,https://doi.org/10.1016/j.ajog.2018.09.008,,220,1,eng,United States,Journal Article; Review,"Abortion, Induced/legislation & jurisprudence; Attitude of Health Personnel; Delivery of Health Care/legislation & jurisprudence; Female; Health Personnel; Health Services Accessibility/organization & administration; Humans; Needs Assessment; Obstetrics/methods; Pregnancy; Reproductive Health/legislation & jurisprudence; Societies, Medical; United States; Women's Health",Closed Access,closed,,
30482716,Is training in obstetric critical care adequate? An international comparison.,"Obstetric critical care is an emerging discipline which cuts across speciality boundaries. We have analysed the training curricula in the three major specialities (obstetrics, anaesthesia and intensive care medicine) likely to be involved in the care of the critically-ill obstetric patient, to assess whether it is adequate to ensure effective training on this subject.",International journal of obstetric anesthesia,2019 Feb,2019,February,,Z Edwards; D N Lucas; R Gauntlett,Anaesthesia; Intensive care medicine; Maternal critical care; Obstetrics and gynaecology; Training,10.1016/j.ijoa.2018.08.011,https://doi.org/10.1016/j.ijoa.2018.08.011,,37,,eng,Netherlands,Comparative Study; Journal Article; Review,Anesthesiology/education; Clinical Competence; Critical Care; Curriculum; Female; Gynecology/education; Humans; Medical Staff; Obstetrics/education; Pregnancy,Open Access,bronze,,http://www.obstetanesthesia.com/article/S0959289X18300037/pdf
39013327,The Italian guidelines on non-invasive and invasive prenatal diagnosis: Executive summary of recommendations for practice the Italian Society for Obstetrics and Gynecology (SIGO).,,"European journal of obstetrics, gynecology, and reproductive biology",2024 Sep,2024,September,,T Stampalija; T Ghi; M Barbieri; M Morlando; E Di Pasquo; C Formigoni; E Ferrazzi,,10.1016/j.ejogrb.2024.07.012,https://doi.org/10.1016/j.ejogrb.2024.07.012,,300,,eng,Ireland,Journal Article; Practice Guideline,"Humans; Female; Pregnancy; Italy; Prenatal Diagnosis/methods; Prenatal Diagnosis/standards; Obstetrics/standards; Gynecology/standards; Societies, Medical",Open Access,hybrid,cc-by,https://doi.org/10.1016/j.ejogrb.2024.07.012
34624738,"European board and college of obstetrics and gynaecology position statement to mark ""World Patient safety day - Safe maternal and newborn care"" on 17th September 2021.","Maternal morbidity and mortality remain stubborn highly in many parts of the world. Similarly Neonatal morbidity, mortality and five years survival in most of the under-resourced countries has not declined significantly over the past decades. Furthermore sexual reproductive health services provision has not met the needs of the women and there remains a huge unmet need for reliable contraception globally. This is the time for a global action plan and for all agencies to work together to achieve meaningful outcomes to improve health of women and their babies. Covid 19 pandemic has led to increase in gender based violence as well which is deplorable. European Board and College of Obstetrics and Gynaecology welcome this initiative and commits to work with all the stakeholders to improve safety and quality of care for women and the newborn.","European journal of obstetrics, gynecology, and reproductive biology",2021 Nov,2021,November,,Sambit Mukhopadhyay; Basil Tarlatzis; Tahir Mahmood,Capacity building; Contraception; Covid pandemic; Global challenge; Maternal health; Maternal mortality; Neonatal mortality; Patient safety; Sexual reproductive health; Standards of Care; UNFPA; Unmet needs; Violence against women,10.1016/j.ejogrb.2021.09.022,https://doi.org/10.1016/j.ejogrb.2021.09.022,,266,,eng,Ireland,Journal Article; Review,"COVID-19; Female; Gynecology; Humans; Infant, Newborn; Obstetrics; Patient Safety; Pregnancy; SARS-CoV-2",Closed Access,closed,,
30385101,Navigating uncertainty: Narrative medicine in pregnancy options counseling education.,"OBJECTIVES: Pregnancy options counseling, or nondirective counseling of patients with unintended pregnancy, is a ""necessary competency"" for medical students according the Association of Professors of Gynecology and Obstetrics. Narrative Medicine (NM) utilizes stories of illness to inform clinical practice and promotes self-reflection in medical education. The authors analyzed the effect of a NM workshop on medical students' ability to provide pregnancy options counseling. METHODS: The authors randomized students in the major clinical year at Columbia University Medical Center (CUMC) to either a 2-hour NM workshop or to a control intervention. The NM group participated in reading and reflective writing exercises addressing varying perspectives on pregnancy. Students then completed a video-taped and numerically-scored OSCE (Objective Structured Clinical Examination) regarding pregnancy options counseling. The authors compared mean OSCE scores between the groups. RESULTS: The study analyzed 103 participants. Overall mean OSCE scores were higher in the NM group (11.9 ± 1.5, n = 51) than the control group (11.3 ± 1.6, n = 52) (p = 0.049). CONCLUSIONS: Students undergoing a NM workshop had higher scores on a pregnancy options counseling OSCE. PRACTICE IMPLICATIONS: This brief intervention may aid future physicians in providing nondirective pregnancy options. This novel approach to teaching is an easily shared learning tool.",Patient education and counseling,2019 Mar,2019,March,,Katherine Rivlin; Carolyn L Westhoff,Communication; Narrative medicine; Obstetrics and gynecology; Pregnancy options counseling,10.1016/j.pec.2018.10.017,https://doi.org/10.1016/j.pec.2018.10.017,,102,3,eng,Ireland,"Journal Article; Randomized Controlled Trial; Research Support, Non-U.S. Gov't","Adult; Counseling/education; Curriculum; Education, Medical; Educational Measurement; Female; Gynecology/education; Humans; Narrative Medicine; Obstetrics/education; Pregnancy; Students, Medical/psychology; Students, Medical/statistics & numerical data; Uncertainty; Writing",Closed Access,closed,,
36652456,SMARTer Goalsetting: A Pilot Innovation for Coaches During the Transition to Residency.,"PROBLEM: Ability to set goals and work with coaches can support individualized, self-directed learning. Understanding the focus and quality of graduating medical student and first-year resident goals and the influence of coaching on goal-setting can inform efforts to support learners through the transition from medical school to residency. APPROACH: This observational study examined goal-setting among graduating medical students and first-year residents from April 2021 to March 2022. The medical students set goals while participating in a Transition to Residency elective. The residents in internal medicine, obstetrics and gynecology, emergency medicine, orthopedics, and pathology set goals through meeting 1:1 with coaches. Raters assessed goals using a 3-point rubric on domains of specific, measurable, attainable, relevant, and timely (i.e., SMART goal framework) and analyzed descriptive statistics, Mann-Whitney U tests, and linear regressions. OUTCOMES: Among 48 medical students, 30 (62.5%) set 108 goals for early residency. Among 134 residents, 62 (46.3%) entered goals. Residents met with coaches 2.8 times on average (range 0-8 meetings, median = 3). Goal quality was higher in residents than medical students (average score for S: 2.71 vs 2.06, P < .001; M: 2.38 vs 1.66, P < .001; A: 2.92 vs 2.64, P < .001; R: 2.94 vs 2.86, P = .002; T: 1.71 vs 1.31, P < .001). The number of coaching meetings was associated with more specific, measurable goals (specific: F [1, 1.02] = 6.56, P = .01, R2 = .10; measurable: F [1, 1.49] = 4.74, P = .03, R2 = .07). NEXT STEPS: Learners set realistic, attainable goals through the transition to residency, but the goals could be more specific, measurable, and timely. The residents set SMARTer goals, with coaching improving goal quality. Understanding how best to scaffold coaching and support goal-setting through this transition may improve trainees' self-directed learning and well-being.",Academic medicine : journal of the Association of American Medical Colleges,2023 May 01,2023,May,01,Abigail Ford Winkel; Lucy Y Chang; Pauline McGlone; Colleen Gillespie; Marc Triola,,10.1097/ACM.0000000000005153,https://doi.org/10.1097/ACM.0000000000005153,,98,5,eng,United States,"Observational Study; Journal Article; Research Support, Non-U.S. Gov't",Female; Pregnancy; Humans; Internship and Residency; Gynecology/education; Obstetrics/education; Learning; Mentoring; Clinical Competence,Closed Access,closed,,
22088234,Ethical concerns and career satisfaction in obstetrics and gynecology: a review of recent findings from the Collaborative Ambulatory Research Network.,"UNLABELLED: Obstetricians-gynecologists (ob-gyns) are frequently confronted with situations that have ethical implications (e.g., whether to accept gifts or samples from drug companies or disclosing medical errors to patients). Additionally, various factors, including specific job-related tasks, costs, and benefits, may impact ob-gyns' career satisfaction. Ethical concerns and career satisfaction can play a role in the quality of women's health care. This article summarizes the studies published between 2005 and 2009 by the Research Department of the American College of Obstetricians and Gynecologists, which encompass ethical concerns regarding interactions with pharmaceutical representatives and patient safety/medical error reporting, as well as ob-gyn career satisfaction. Additionally, a brief discussion regarding ethical concerns in the ob-gyn field, in general, highlights key topics for the last 30 years. Ethical dilemmas continue to be of concern for ob-gyns. Familiarity with guidelines on appropriate interactions with industry is associated with lower percentages of potentially problematic relationships with pharmaceutical industries. Physicians report that the expense of patient safety initiatives is one of the top barriers for improving patient safety, followed by fear of liability. Overall, respondents reported being satisfied with their careers. However, half of the respondents reported that they were extremely concerned about the impact of professional liability costs on the duration of their careers. Increased familiarity with guidelines may lead to a decreased ob-gyn reliance on pharmaceutical representatives and free samples, whereas specific and practical tools may help them implement patient safety techniques. The easing of malpractice insurance and threat of litigation may enhance career satisfaction among ob-gyns. This article will discuss related findings in recent years. TARGET AUDIENCE: Obstetricians & Gynecologists and Family Physicians. LEARNING OBJECTIVES: After the completing the CME activity, physicians should be better able to analyze how interactions with pharmaceutical industry may pose ethical dilemmas, examine current barriers to implementing patient safety initiatives, and evaluate the factors that influence career satisfaction among obstetrician-gynecologists.",Obstetrical & gynecological survey,2011 Sep,2011,September,,Victoria A Farrow; Meaghan A Leddy; Hal Lawrence; Jay Schulkin,,10.1097/OGX.0b013e3182391240,https://doi.org/10.1097/OGX.0b013e3182391240,,66,9,eng,United States,"Journal Article; Research Support, U.S. Gov't, Non-P.H.S.; Research Support, U.S. Gov't, P.H.S.; Review","Drug Industry; Guidelines as Topic; Gynecology/ethics; Humans; Insurance, Liability; Job Satisfaction; Liability, Legal; Medical Errors/ethics; Obstetrics/ethics; Patient Safety; United States",Closed Access,closed,,
31856126,"Sexual Misconduct: ACOG Committee Opinion, Number 796.","The practice of obstetrics and gynecology includes interaction in times of intense emotion and vulnerability for patients and involves sensitive physical examinations and medically necessary disclosure of private information about symptoms and experiences. The patient-physician relationship is damaged when there is either confusion regarding professional roles and behavior or clear lack of integrity that allows sexual exploitation and harm. Sexual misconduct by physicians is an abuse of professional power and a violation of patient trust. Although sexual misconduct is uncommon in clinical care, even one episode is unacceptable. Routine use of chaperones, in addition to the other best practices outlined in this Committee Opinion, will help assure patients and the public that obstetrician-gynecologists are maximizing efforts to create a safe environment for all patients.",Obstetrics and gynecology,2020 Jan,2020,January,,,,10.1097/AOG.0000000000003608,https://doi.org/10.1097/AOG.0000000000003608,,135,1,eng,United States,Journal Article; Practice Guideline,"Ethics, Medical; Female; Gynecology/ethics; Humans; Male; Obstetrics/ethics; Physician-Patient Relations/ethics; Sex Offenses/ethics; Sexual Behavior/ethics",Closed Access,closed,,
30243685,"Surgeon Volume in Benign Gynecologic Surgery: Review of Outcomes, Impact on Training, and Ethical Contexts.","It is becoming increasingly clear that surgeon volume affects surgical outcomes. High-volume surgeons demonstrate reduced perioperative complications, shorter operative times, and reduced blood loss during multiple modalities of benign gynecologic surgery. Furthermore, high-volume surgeons consistently demonstrate higher rates of minimally invasive approaches, low rates of conversion to laparotomy, and lower per-procedure case costs. It is suggested that surgeons who have completed postresidency training have improved surgical outcomes, although these data are limited. Surgical exposure in obstetrics and gynecology residency is varied and does not consistently meet demonstrated surgical learning curves. Deficiencies in residency surgical training may be related to the volume-outcome relationship. We suggest reforming residency surgical training and tracking postresidency practice to provide optimal surgical care. Additionally, surgeons may have an ethical obligation to inform patients of their surgical volume and outcomes, with options for referrals if needed.",Journal of minimally invasive gynecology,2019 Feb,2019,February,,Laura M Glaser; Lacey Brennan; Louise P King; Magdy P Milad,Ethics; Surgical outcomes; Training; Volume,10.1016/j.jmig.2018.09.775,https://doi.org/10.1016/j.jmig.2018.09.775,,26,2,eng,United States,Journal Article; Review,"Female; Gynecologic Surgical Procedures/adverse effects; Gynecologic Surgical Procedures/education; Gynecologic Surgical Procedures/ethics; Gynecologic Surgical Procedures/methods; Gynecology/education; Gynecology/ethics; Humans; Internship and Residency/methods; Learning Curve; Obstetrics/education; Obstetrics/ethics; Outcome Assessment, Health Care; Surgeons/education; Surgeons/ethics; United States",Closed Access,closed,,
39360756,What is the impact of simulation on the learning of hysteroscopic skills by residents and medical students? A systematic review.,"INTRODUCTION: Hysteroscopy is a critical procedure in gynecology for diagnosing and managing intrauterine pathology. Traditional hands-on training faces ethical and safety challenges, leading to an increased reliance on simulation training. This review systematically assesses the effectiveness of hysteroscopic simulation training in enhancing the technical skills of obstetrics and gynecology residents and medical students. METHODS: A PRISMA-guided literature search was conducted, covering English-language articles from January 2000 to December 2023. Studies were selected based on pre-defined criteria, focusing on the impact of simulation training on the targeted educational group. Metrics for evaluating skill improvement included machine-recorded metrics, Objective Structured Assessment of Technical Skills (OSATS), and global rating scales. RESULTS: The review included nine studies with varied designs, demonstrating significant improvements in hysteroscopic skills following simulation training. Virtual reality (VR) simulators showed substantial benefits in skill acquisition, while physical simulators provided valuable tactile feedback. However, long-term skill retention and the impact on non-technical skills were not adequately assessed. CONCLUSIONS: Simulation-based training effectively enhances hysteroscopic skills in medical students and residents. Further research is needed to explore long-term skill retention and the development of non-technical competencies. Robust studies, including randomized trials, are required for definitive validation.",Minimally invasive therapy & allied technologies : MITAT : official journal of the Society for Minimally Invasive Therapy,2024 Dec,2024,December,,Salvatore Giovanni Vitale; Jose Carugno; Stefania Saponara; Liliana Mereu; Sergio Haimovich; Luis Alonso Pacheco; Andrea Giannini; Manoj Chellani; Bulent Urman; Maria Chiara De Angelis; Stefano Angioni,Hysteroscopy; hysteroscopic surgery; obstetrics and gynecology residents; simulation training; surgical simulation,10.1080/13645706.2024.2409269,https://doi.org/10.1080/13645706.2024.2409269,,33,6,eng,England,Journal Article; Systematic Review; Review,"Hysteroscopy/education; Hysteroscopy/methods; Humans; Clinical Competence; Simulation Training/methods; Students, Medical; Internship and Residency/methods; Female; Gynecology/education; Obstetrics/education",Closed Access,closed,,
21187195,Overview of progress in patient safety.,"In the 11 years since the Institute of Medicine reported ubiquitous problems with the quality and safety of patient care in the United States, efforts been made to improve health care. Obstetrics and gynecology has made some improvements; however, similar to other areas of health care, progress has been slow. The major deterrents are complexities in our health care system and culture and an immature science of safety and quality that makes measurement and evaluation of progress difficult. This article describes the efforts that have been made in obstetrics and gynecology to identify causes or factors that contribute to adverse outcomes, to develop measures of quality and safety, and to make improvements. It also offers a framework to help organize patient safety research and improvement. Finally, this article offers ways the American Congress of Obstetricians and Gynecologists can organize and support future work.",American journal of obstetrics and gynecology,2011 Jan,2011,January,,Peter J Pronovost; Christine G Holzmueller; Christopher S Ennen; Harold E Fox,,10.1016/j.ajog.2010.11.001,https://doi.org/10.1016/j.ajog.2010.11.001,,204,1,eng,United States,Journal Article; Review,Cause of Death; Delivery of Health Care/standards; Evidence-Based Medicine/organization & administration; Female; Gynecology/organization & administration; Gynecology/standards; Humans; Maternal Mortality; Medical Errors/mortality; Medical Errors/prevention & control; Obstetrics/organization & administration; Obstetrics/standards; Organizational Culture; Safety Management/methods; Safety Management/organization & administration; Safety Management/standards; United States,Open Access,bronze,,http://www.ajog.org/article/S0002937810022556/pdf
20195953,American College of Obstetricians and Gynecologists Practice Bulletins: original versus revised.,"We compared the types (A, B, or C) of recommendations and levels (I, II, III, or others) of references in the original versus revised practice bulletins (PBs). American College of Obstetricians and Gynecologists (ACOG) compendiums and Web site were used to obtain the PBs. Chi-square test for trend or Wilcoxon matched-pairs tests were used. From December 1998 to December 2008, ACOG published 78 PBs, of which 24% (19) have been revised. Neither the median numbers of recommendations per PB (8 to 10; P = 0.235) nor the type ( P = 0.155) increased significantly. Additionally, the level of references ( P = 0.130) and the type of journals they were published in did not vary significantly ( P = 0.554). In 10 years, approximately one in four PBs has been revised and the number of recommendations per PB has increased, but the types of suggestions and level of references has not improved appreciably.",American journal of perinatology,2010 Sep,2010,September,,Patricia Perfetto; Danish Siddiqui; Amy Niederhauser; Everett F Magann; James Hill; Suneet P Chauhan,,10.1055/s-0030-1249363,https://doi.org/10.1055/s-0030-1249363,,27,8,eng,United States,Comparative Study; Journal Article; Review,"Education, Medical, Continuing/methods; Education, Medical, Continuing/organization & administration; Gynecology/education; Health Planning Guidelines; Humans; Medical Informatics/standards; Obstetrics/education; Periodicals as Topic; Practice Guidelines as Topic/standards",Closed Access,closed,,
32337878,"Evaluating the Effectiveness of Simulation Training in Obstetrics and Gynecology, Pediatrics and Emergency Medicine.","Simulation training in medicine is a powerful tool for acquiring knowledge and practical skills in an environment close to the real world. Decreasing training opportunities directly on the patient tend to introduce simulations close to the real hospital environment without compromising the patient’s safety. The aim of the study was to evaluate the effectiveness of simulation training in the Medical Simulation Training Center (MSTC) at the Medical University of Plovdiv. A prospective observational descriptive study was performed at the MSTC at Plovdiv Medical University between September 2017 and March 2019. The study included 245 respondents who participated in one or more practical simulation trainings and were surveyed. The results of the study suggest that the knowledge, skills and attitudes of the trainees improve after training sessions. By increasing the number of visits, the self-esteem and confidence in performing the manipulation also increases, knowledge and technical performance significantly improve and mistakes are reduced. A statistically significant relationship has been demonstrated between the sequence of visits and acquired competencies (p=0.0001). There are no performance mistakes in those attending three or more times, but 16.2% of them still experience uncertainty while performing. Here, however, 83.8% performed the manipulation automatically and without mistakes. Simulation training in medicine is effective and useful. It has its place in the curriculum for students and is a good tool for acquiring knowledge, skills and techniques in postgraduate education.",Folia medica,2019 Dec 31,2019,December,31,Milena G Sandeva; Stoilka Tufkova; Kostadin Ketev; Diana Paskaleva,debriefing; efficiency; medical education; self-assessment; simulation training,10.3897/folmed.61.e47961,https://doi.org/10.3897/folmed.61.e47961,,61,4,eng,Bulgaria,Journal Article; Observational Study,Adult; Humans; Clinical Competence; Computer Simulation; Curriculum; Emergency Medicine/education; Follow-Up Studies; Gynecology/education; Obstetrics/education; Pediatrics/education; Prospective Studies; Self-Assessment; Simulation Training/methods,Open Access,gold,public-domain,https://foliamedica.bg/article/47961/download/pdf/
9447356,Epidemiology in obstetrics and gynaecology.,"This paper delineates in short the way in which epidemiology and obstetrics and gynaecology could profit from each other's expertise and why. Epidemiology addresses the rates of occurrence in illnesses and their outcomes in relation to potential determinants of these in any realm of medicine. Obstetrics and gynaecology concern themselves with the female reproductive system, notably. Epidemiologic methods are essential to valid research, and obstetrics and gynaecology are essential to valid inference of epidemiologic research.","European journal of obstetrics, gynecology, and reproductive biology",1997 Dec,1997,December,,P C Pasker-de Jong,,10.1016/s0301-2115(97)00201-7,https://doi.org/10.1016/s0301-2115(97)00201-7,,75,1,eng,Ireland,Journal Article; Review,Epidemiology; Female; Gynecology; Humans; Obstetrics; Pregnancy,Closed Access,closed,,
38881535,Redesigning Continuous Professional Development: Aligning Learning Needs With Clinical Practice.,"Continuous professional development (CPD) in health care refers to the process of lifelong learning including the acquisition of new competencies, knowledge, and professional growth throughout the career of a health care professional. Since implementation, there has seen little change or innovation in CPD. This perspective will review the current state of CPD, including the challenges in traditional CPD models, foundations and strategies for redesign to meet the needs of current and future physicians, and suggestions for changes to modernize CPD. Precision education and the use of technology, including artificial intelligence, and their application to CPD will be discussed.",Clinical obstetrics and gynecology,2024 Sep 01,2024,September,01,Maya M Hammoud; Zachary Schoppen; Lori R Berkowitz; David Marzano,,10.1097/GRF.0000000000000878,https://doi.org/10.1097/GRF.0000000000000878,,67,3,eng,United States,Journal Article; Review,"Humans; Education, Medical, Continuing/methods; Clinical Competence; Artificial Intelligence; Obstetrics/education; Learning; Gynecology/education",Closed Access,closed,,
27314031,Preconception Care: A New Standard of Care within Maternal Health Services.,"Emerging research suggests that much pediatric affliction has origins in the vulnerable phase of fetal development. Prenatal factors including deficiency of various nutrients and exposure to assorted toxicants are major etiological determinants of myriad obstetrical complications, pediatric chronic diseases, and perhaps some genetic mutations. With recent recognition that modifiable environmental determinants, rather than genetic predestination, are the etiological source of most chronic illness, modification of environmental factors prior to conception offers the possibility of precluding various mental and physical health conditions. Environmental and lifestyle modification through informed patient choice is possible but evidence confirms that, with little to no training in clinical nutrition, toxicology, or environmental exposures, most clinicians are ill-equipped to counsel patients about this important area. With the totality of available scientific evidence that now exists on the potential to modify disease-causing gestational determinants, failure to take necessary precautionary action may render members of the medical community collectively and individually culpable for preventable illness in children. We advocate for environmental health education of maternity health professionals and the widespread adoption and implementation of preconception care. This will necessitate the translation of emerging knowledge from recent research literature, to health professionals, to reproductive-aged women, and to society at large.",BioMed research international,2016,2016,,,Stephen J Genuis; Rebecca A Genuis,,10.1155/2016/6150976,https://doi.org/10.1155/2016/6150976,https://www.ncbi.nlm.nih.gov/pmc/articles/PMC4903143/,2016,,eng,United States,Journal Article; Review,Canada; Female; Gynecology/standards; Humans; Maternal Health/standards; Maternal Health Services/standards; Obstetrics/standards; Patient Education as Topic/standards; Practice Guidelines as Topic; Preconception Care/standards; Pregnancy; Pregnancy Complications/prevention & control,Open Access,hybrid,cc-by,http://downloads.hindawi.com/journals/bmri/2016/6150976.pdf
16731070,Emerging infectious disease outbreaks: old lessons and new challenges for obstetrician-gynecologists.,"OBJECTIVE: The purpose of this study was to summarize 3 recent high-profile infectious disease threats that have affected the United States: severe acute respiratory syndrome, West Nile virus, and anthrax. STUDY DESIGN: A systematic review was conducted with the use of Medline searches, searches of the Centers for Disease Control and Prevention website, and review by experts at the Centers for Disease Control and Prevention. RESULTS: The 3 emerging infectious diseases pose very different threats: Severe acute respiratory syndrome is a newly identified pathogen that caused an international pandemic; the West Nile virus investigation involved an old pathogen that was identified in a new location; and the anthrax attacks involved the intentional introduction of a pathogen. CONCLUSION: All 3 outbreaks highlight the importance of obstetrician-gynecologists keeping current with new information as it emerges. In this global environment, it is likely that novel disease threats will continue to emerge in the United States.",American journal of obstetrics and gynecology,2006 Jun,2006,June,,Denise J Jamieson; Jane E Ellis; Daniel B Jernigan; Tracee A Treadwell,,10.1016/j.ajog.2005.06.062,https://doi.org/10.1016/j.ajog.2005.06.062,https://www.ncbi.nlm.nih.gov/pmc/articles/PMC7093849/,194,6,eng,United States,Journal Article; Review; Systematic Review,"Aged; Anthrax/epidemiology; Disease Outbreaks; Female; Gynecology/methods; Humans; Obstetrics/methods; Pregnancy; Pregnancy Complications, Infectious/epidemiology; Severe Acute Respiratory Syndrome/epidemiology; Severe Acute Respiratory Syndrome/transmission; West Nile Fever/epidemiology",Open Access,bronze,,http://www.ajog.org/article/S0002937805009658/pdf
31856121,"Sexual Misconduct: ACOG Committee Opinion Summary, Number 796.","The practice of obstetrics and gynecology includes interaction in times of intense emotion and vulnerability for patients and involves sensitive physical examinations and medically necessary disclosure of private information about symptoms and experiences. The patient-physician relationship is damaged when there is either confusion regarding professional roles and behavior or clear lack of integrity that allows sexual exploitation and harm. Sexual misconduct by physicians is an abuse of professional power and a violation of patient trust. Although sexual misconduct is uncommon in clinical care, even one episode is unacceptable. Routine use of chaperones, in addition to the other best practices outlined in this Committee Opinion, will help assure patients and the public that obstetrician-gynecologists are maximizing efforts to create a safe environment for all patients.",Obstetrics and gynecology,2020 Jan,2020,January,,,,10.1097/AOG.0000000000003609,https://doi.org/10.1097/AOG.0000000000003609,,135,1,eng,United States,Journal Article; Practice Guideline,"Ethics, Medical; Female; Gynecology/ethics; Humans; Male; Obstetrics/ethics; Physician-Patient Relations/ethics; Sex Offenses/ethics; Sexual Behavior/ethics",Closed Access,closed,,
32969850,Standardizing abortion education: what medical schools can learn from residency programs.,"PURPOSE OF REVIEW: With over 50 million abortions annually and 25% of pregnancies ending in abortion worldwide, abortion is one of the most common medical procedures. Yet abortion-related topics are glaringly absent from medical school curricula in the USA with half of medical schools including no formal training or only a single lecture. We explore abortion education in US medical schools and Obstetrics and Gynecology (Ob/Gyn) residency programs. Specifically, we review efforts to improve and standardize this training. RECENT FINDINGS: Despite documented interest in both learning and in the benefits of early exposure, medical students face a lack of educational opportunities in abortion care. Meanwhile, Ob/Gyn residency has standardized requirements for abortion care, greatly improving training and education, despite persistent challenges in universal compliance with these standards. SUMMARY: Education in abortion care is crucially important in fostering and training future abortion providers, thereby ensuring and expanding access to safe abortion. The improvements made by standardizing abortion education in Ob/Gyn residency should encourage similar efforts in medical school in order to increase earlier and wider exposure to future physicians of all specialties. On a national level, standardizing exams for medical students by which to evaluate their understanding of abortion care would hold schools accountable for medical student education.",Current opinion in obstetrics & gynecology,2020 Dec,2020,December,,Roshan M Burns; Kate A Shaw,,10.1097/GCO.0000000000000663,https://doi.org/10.1097/GCO.0000000000000663,,32,6,eng,England,Journal Article; Review,"Abortion, Induced; Female; Gynecology/education; Humans; Internship and Residency; Obstetrics/education; Pregnancy; Schools, Medical",Closed Access,closed,,
29734453,Female Physicians in Maternal-Fetal Medicine: A 32-Year Perspective.,"OBJECTIVE: To examine trends of female physicians either pursuing fellowships or in active practice in maternal-fetal medicine (MFM). METHODS: This observational study examined complete sets of MFM fellows and active members of the Society for Maternal-Fetal Medicine (SMFM) between 1985 and 2016. Databases from SMFM, American College of Obstetricians and Gynecologists (ACOG), and Accreditation Council for Graduate Medical Education were used. Analysis of covariance testing was used to assess interactions over time between groups. RESULTS: The proportion of female MFM fellows increased steadily from 17.1% in 1985 to 72.5% in 2016. The proportion of females grew more rapidly among the MFM fellows than obstetrics and gynecology (ob-gyn) residents (2.1 vs. 1.4% per year; p = 0.001) and among those who were active SMFM members than ACOG Fellows (1.4 vs. 1.2% per year; p = 0.013). Slightly more than half (52.4%) of all SMFM members are now female and will approach two-thirds (64.4%) by 2025 (compared with 53.4% in 2016 and 65.3% in 2025 of ACOG fellows). CONCLUSION: The rising proportion of female MFM fellows is directly related to the high number of female ob-gyn residents. Females comprise slightly more than half of all active SMFM members now and projected to approach two-thirds by 2025.",American journal of perinatology,2018 Nov,2018,November,,Jacquelyn Blackstone; Vanessa K Will; William F Rayburn,,10.1055/s-0038-1646953,https://doi.org/10.1055/s-0038-1646953,,35,13,eng,United States,Journal Article; Observational Study,"Fellowships and Scholarships; Female; Gynecology/statistics & numerical data; Humans; Internship and Residency; Obstetrics/statistics & numerical data; Physicians, Women/statistics & numerical data; Physicians, Women/trends; Societies, Medical/statistics & numerical data; United States",Closed Access,closed,,
39084182,The effects of climate change and environmental pollution on human reproduction: A scientific review commissioned by the European Board and College of Obstetrics and Gynaecology (EBCOG).,"The European Board and College of Obstetrics and Gynaecology (EBCOG) and the European Network of Trainees in Obstetrics and Gynaecology (ENTOG) express their concerns on the effect of climate change and environmental pollution. This paper reviews the impact on reproductive health and the contribution to climate change by the field of obstetrics and gynaecology. It concludes that its contributors and the effects of climate change cause definite adverse consequences to fertility and adverse obstetric outcomes. Mankind, and obstetrics and gynaecology personnel as well, must be aware and responsible of its contribution to climate change and consider the impact of their actions and interventions.","European journal of obstetrics, gynecology, and reproductive biology",2024 Oct,2024,October,,Ferry Boekhorst; Charles Savona-Ventura; Tahir Mahmood; Sambit Mukhopadhyay,Adverse obstetric outcomes; Arthropod vectors; Child health; Climate change; Clinical practice; Environmental pollution; Fertility; Foetal development; Gynaecology; Maternal health; Obstetrics; Population growth; Reproductive medicine,10.1016/j.ejogrb.2024.07.030,https://doi.org/10.1016/j.ejogrb.2024.07.030,,301,,eng,Ireland,Journal Article; Review,Climate Change; Humans; Female; Pregnancy; Environmental Pollution/adverse effects; Gynecology; Obstetrics; Reproduction/drug effects; Europe; Reproductive Health,Closed Access,closed,,
9290436,The patient advocate.,"The business environment in which we practice is changing. Social and medical problems of women continue for large numbers of our population. The obstetrician-gynecologist as the primary care provider for women must be active as the patient's advocate in the areas of sex education, contraceptive counseling, teenage pregnancy, domestic violence, healthy lifestyles, and decisions regarding appropriate health care.",American journal of obstetrics and gynecology,1997 Aug,1997,August,,R H Jennings,,10.1016/s0002-9378(97)70183-2,https://doi.org/10.1016/s0002-9378(97)70183-2,,177,2,eng,United States,Journal Article; Review,Adolescent; Adult; Contraception; Female; Gynecology/trends; Humans; Male; Obstetrics/trends; Patient Advocacy; Physician's Role; Pregnancy; Pregnancy in Adolescence; Sex Education; Women's Health,Closed Access,closed,,
16919178,Decision analysis in obstetrics and gynecology.,"UNLABELLED: Decision analysis is a type of study design that can help to explicitly compare different medical choices and provide additional perspective to information provided by observational and interventional studies. This review will detail the circumstances under which decision analysis is most appropriate to use and the conceptual approach to the development of a decision model. TARGET AUDIENCE: Obstetricians & Gynecologists, Family Physicians. LEARNING OBJECTIVES: After completion of this article, the reader should be able to summarize that decision analysis will: help to compare different medical choices; supply additional perspectives to information provided by observational and interventional studies; and allow comparison of medical strategies that involve health outcomes, cost, or combined cost-effectiveness measures.",Obstetrical & gynecological survey,2006 Sep,2006,September,,William A Grobman,,10.1097/01.ogx.0000234860.76274.19,https://doi.org/10.1097/01.ogx.0000234860.76274.19,,61,9,eng,United States,Journal Article; Review,Decision Trees; Evidence-Based Medicine; Female; Gynecology/standards; Humans; Obstetrics/standards; Prognosis; Risk Assessment,Closed Access,closed,,
32912727,Taking the Leap Toward Cost-Conscious Education in Obstetrics and Gynaecology: A Preliminary Randomized Controlled Trial.,"OBJECTIVE: Residents have a professional obligation with respect to the stewardship of health care resources, yet there is a paucity of research on how to improve residents' cost-awareness. Rising health care expenditures highlight a critical need to improve education related to this competency. This study aimed to test if an educational module can teach residents to make cost-conscious decisions and reduce health care spending. METHODS: All Canadian obstetrics and gynaecology residents in 2017 were eligible to participate in this randomized controlled trial. The study was administered online via REDCap. Interested residents were enrolled, stratified by level of training, and block randomized. Residents completed a survey to determine their management of 4 obstetrical scenarios. The intervention group reviewed an educational module on cost-effective ordering prior to completing the survey; the control group was given the option to review the module afterward. The primary outcome was mean total expenditures, compared between the 2 groups using the t test. RESULTS: Eighty-five residents were enrolled between August and November 2017, and 63 residents from 13 Canadian residency programs completed the study requirements (33 control and 30 intervention). Mean total expenditure was CAD$291.03 (95% CI 259.38-322.68) versus CAD$192.98 (95% CI 170.67-215.29) for the control and intervention groups, respectively. These figures corresponded to a 33.69% or CAD$98.05 reduction in total expenditures (P = 0.0001). CONCLUSION: This educational module decreased expenditures by Canadian obstetrics and gynaecology residents managing hypothetical obstetrical cases. This introduces a potential curriculum innovation to improve resident education in judicious use of health care resources.",Journal of obstetrics and gynaecology Canada : JOGC = Journal d'obstetrique et gynecologie du Canada : JOGC,2020 Nov,2020,November,,Allison Diane Edwards; Fahrin Rawji; Maryna Yaskina; Sue Ross,"health care costs; health economics; health resources; medical education; obstetrics and gynecology, department, hospital; resource allocation",10.1016/j.jogc.2020.04.017,https://doi.org/10.1016/j.jogc.2020.04.017,,42,11,eng,Netherlands,Journal Article; Randomized Controlled Trial,Adult; Female; Humans; Pregnancy; Canada; Clinical Competence; Cost-Benefit Analysis; Curriculum; Gynecology/education; Health Care Costs; Health Resources; Internship and Residency; Obstetrics/education; Resource Allocation,Closed Access,closed,,
36108448,The implementation of the European Working Time Directive in Europe and its impact on training in obstetrics and gynaecology: A ten year follow-up.,"OBJECTIVE: To reassess the compliance with the European Working Time Directive (EWTD) in the member countries of the European Network of Trainees in Obstetrics and Gynaecology (ENTOG) and to investigate the impact of the EWTD on training. STUDY DESIGN: In this observational, cross-sectional study, an online questionnaire, containing multiple-choice questions and open questions, was distributed among Obstetrics and Gynaecology trainees in 33 ENTOG member countries. The questionnaire was designed as a follow-up of a similar survey conducted by ENTOG in 2009 and assessed the overall compliance with the EWTD, the adaptations needed to achieve this compliance, the impact of the EWTD on the quality of training and the well-being of trainees. The answers were analysed using descriptive statistics in Microsoft Excel. RESULTS: 59 responses from 28/33 (84.8%) ENTOG member countries were collected. Only 5 out of 28 (17.9%) countries were found to be nationally compliant with EWTD. There were no clear differences in the compliance between different types of the hospitals (university/teaching/district), but a trend was observed towards higher rate of implementation in smaller hospitals (<1500 deliveries per year). Regarding the changes needed to become EWTD-compliant and yet maintain high-quality training, the most common suggestions were: hiring extra junior doctors, restructuring training, having less doctors on duty simultaneously, consultants performing more hands on work, dedicated training sessions, reduction of administrative tasks and simulation training for surgical skills. The majority of trainees, 7 out of 12, (58.3%) in the EWTD-compliant hospitals experienced a positive effect on their training, whereas the majority of trainees in non-compliant hospitals, 31 out of 47, (66%) were uncertain about the impact of the EWTD on the quality of training. Among the positive changes, better work-life balance and more consultants available out of the daily working hours were listed. CONCLUSIONS: Despite the introduction and implementation of the EWTD over two decades ago, the compliance rates across Europe remain low and seem not to have altered in the last ten years. In order to ensure the quality of training and, most importantly patient safety, we suggest that European nations keep striving to implement the EWTD for doctors in training. We also suggest for nations that have yet to implement this directive to use the strategies as an exemplar in countries that follow EWTD.","European journal of obstetrics, gynecology, and reproductive biology",2022 Nov,2022,November,,Manuel Goncalves-Henriques; Agnieszka Horala; Elif Goknur Topcu; Ferry Boekhorst; Hajra Khattak,ENTOG; EWTD; Europe; Gynaecology; Obstetrics; Trainees,10.1016/j.ejogrb.2022.08.022,https://doi.org/10.1016/j.ejogrb.2022.08.022,,278,,eng,Ireland,Observational Study; Journal Article,Female; Pregnancy; Humans; Gynecology/education; Cross-Sectional Studies; Follow-Up Studies; Obstetrics/education; Europe,Open Access,hybrid,cc-by-nc-nd,http://www.ejog.org/article/S0301211522004882/pdf
37584099,"Developing a transgender and non-binary inclusive obstetrics and gynaecology undergraduate medical curriculum in Aotearoa/New Zealand: Where are we at, and where do we need to be?","Internationally, undergraduate medical education is not currently enabling early career doctors to meet the needs of trans and gender diverse (TGD) people as healthcare consumers. This review outlines inclusion of TGD education in undergraduate medical education more broadly to contextualise curriculum development needs in obstetrics, gynaecology and reproductive medicine in Aotearoa/New Zealand. Limited, and lack of integrated content, teaching capability and current absence of TGD health knowledge as graduate outcomes, compounded by pedagogy (biomedical/binary framing) and more appropriate learning resources are indicators for curricula, and workforce, development.",The Australian & New Zealand journal of obstetrics & gynaecology,2024 Feb,2024,February,,Lilian Jones; Rona Carroll; George Parker; Denise Steers; Judy Ormandy; Sara Filoche,inclusion; transgender and non-binary; undergraduate medical curriculum,10.1111/ajo.13746,https://doi.org/10.1111/ajo.13746,,64,1,eng,Australia,Journal Article; Review,"Humans; Gynecology/education; Transgender Persons; New Zealand; Curriculum; Obstetrics/education; Education, Medical, Undergraduate; Male; Female",Open Access,hybrid,cc-by-nc-nd,https://onlinelibrary.wiley.com/doi/pdfdirect/10.1111/ajo.13746
29921434,No. 362-Ovulation Induction in Polycystic Ovary Syndrome.,"OBJECTIVE: To review current non-pharmacologic and pharmacologic options for ovulation induction in women with polycystic ovary syndrome (PCOS). OPTIONS: This guideline reviews the evidence for the various options for ovulation induction in PCOS. OUTCOMES: Ovulation, pregnancy and live birth rates, risks, and side effects are the outcomes of interest. EVIDENCE: Published literature was retrieved through searches of Medline using appropriate controlled vocabulary and key words spanning from 2000 to 2016. Results were restricted to systematic reviews, randomized control trials/controlled clinical trials, and observational studies. Grey (unpublished) literature was identified through searching the websites of health technology assessment and of health technology assessment-related agencies, clinical practice guideline collections, clinical trial registries, and national and international medical specialty societies. VALUES: The evidence gathered was reviewed and evaluated by the Reproductive Endocrinology and Infertility Committee of the Society of Obstetricians and Gynaecologists of Canada. The quality of evidence was quantified using the Canadian Task Force on Preventive Health Care. BENEFITS, HARMS, AND COSTS: Benefits include weight reduction and improvements in ovulation, pregnancy, and live birth rates. Potential harms include medication side effects and multiple pregnancies. VALIDATION: These guidelines have been reviewed and approved by the Reproductive Endocrinology and Infertility Committee of the SOGC. CONCLUSION: First line management of infertility once a diagnosis of PCOS is made should include weight loss and exercise with goals to below class 2 obesity (BMI <35 kg/m2) as applicable. Subsequently, first line medical therapy for ovulation induction should include aromatase inhibitors (now considered both safe and effective) and selective estrogen receptor modulators as available. Insulin sensitizers should not be used as first line therapy but as adjuncts as appropriate. Referral to a reproductive endocrinologist should be considered if there is failure or resistance to these approaches to consider ovulation induction with gonadotropins or IVF as appropriate. SPONSOR: The Society of Obstetricians and Gynaecologists of Canada.",Journal of obstetrics and gynaecology Canada : JOGC = Journal d'obstetrique et gynecologie du Canada : JOGC,2018 Jul,2018,July,,David S Smithson; Tannys D R Vause; Anthony P Cheung,Polycystic ovary syndrome; infertility; ovulation induction,10.1016/j.jogc.2017.12.004,https://doi.org/10.1016/j.jogc.2017.12.004,,40,7,eng,Netherlands,Journal Article; Practice Guideline,"Canada; Female; Gynecology; Humans; Obstetrics; Ovulation Induction; Polycystic Ovary Syndrome; Pregnancy; Societies, Medical",Closed Access,closed,,
25580809,Sustained effect of simulation-based ultrasound training on clinical performance: a randomized trial.,"OBJECTIVE: To study the effect of initial simulation-based transvaginal sonography (TVS) training compared with clinical training only, on the clinical performance of residents in obstetrics and gynecology (Ob-Gyn), assessed 2 months into their residency. METHODS: In a randomized study, new Ob-Gyn residents (n = 33) with no prior ultrasound experience were recruited from three teaching hospitals. Participants were allocated to either simulation-based training followed by clinical training (intervention group; n = 18) or clinical training only (control group; n = 15). The simulation-based training was performed using a virtual-reality TVS simulator until an expert performance level was attained, and was followed by training on a pelvic mannequin. After 2 months of clinical training, one TVS examination was recorded for assessment of each resident's clinical performance (n = 26). Two ultrasound experts blinded to group allocation rated the scans using the Objective Structured Assessment of Ultrasound Skills (OSAUS) scale. RESULTS: During the 2 months of clinical training, participants in the intervention and control groups completed an average ± SD of 58 ± 41 and 63 ± 47 scans, respectively (P = 0.67). In the subsequent clinical performance test, the intervention group achieved higher OSAUS scores than did the control group (mean score, 59.1% vs 37.6%, respectively; P < 0.001). A greater proportion of the intervention group passed a pre-established pass/fail level than did controls (85.7% vs 8.3%, respectively; P < 0.001). CONCLUSION: Simulation-based ultrasound training leads to substantial improvement in clinical performance that is sustained after 2 months of clinical training. © 2015 The Authors. Ultrasound in Obstetrics & Gynecology published by John Wiley & Sons Ltd on behalf of the International Society of Ultrasound in Obstetrics and Gynecology.",Ultrasound in obstetrics & gynecology : the official journal of the International Society of Ultrasound in Obstetrics and Gynecology,2015 Sep,2015,September,,M G Tolsgaard; C Ringsted; E Dreisler; L N Nørgaard; J H Petersen; M E Madsen; N L C Freiesleben; J L Sørensen; A Tabor,medical education; simulation-based medical education; simulation-based ultrasound training; transvaginal; ultrasound assessment; ultrasound competence,10.1002/uog.14780,https://doi.org/10.1002/uog.14780,https://www.ncbi.nlm.nih.gov/pmc/articles/PMC4600230/,46,3,eng,England,"Journal Article; Multicenter Study; Randomized Controlled Trial; Research Support, Non-U.S. Gov't","Adult; Clinical Competence; Denmark; Female; Gynecology/education; Humans; Internship and Residency; Male; Observer Variation; Obstetrics/education; Pregnancy; Simulation Training; Single-Blind Method; Ultrasonography, Prenatal",Open Access,hybrid,cc-by-nc-nd,https://onlinelibrary.wiley.com/doi/pdf/10.1002/uog.14780
